username,week,total_engagement,text_length,retweet_count,reply_count,like_count,quote_count,tweet_count,rolling_engagement,rolling_tweet_count,engagement_per_text_length,tweet_count_delta,degree_centrality,pagerank,betweenness_centrality,closeness_centrality,eigenvector_centrality,followers_count,friends_count,statuses_count,community,log_followers,engagement_per_follower
DrLupo,2025-04-21/2025-04-27,95.75,108.25,42.25,1.0,52.5,0.0,4,,,0.8845265588914549,0.0,0.2631578947368421,0.0921814964082348,0.0994152046783625,0.2245614035087719,0.4415714760613372,1815186.0,1255.0,41762.0,2,14.41169905067686,5.2749415211443894e-05
DrLupo,2025-04-28/2025-05-04,2945.375,161.875,38.875,586.125,2233.375,87.0,8,95.75,4.0,18.195366795366795,4.0,0.2631578947368421,0.0921814964082348,0.0994152046783625,0.2245614035087719,0.4415714760613372,1815186.0,1255.0,41762.0,2,14.41169905067686,0.0016226298572157344
DrLupo,2025-05-05/2025-05-11,3650.0,235.0,37.0,476.0,3125.0,12.0,1,1520.5625,6.0,15.53191489361702,-7.0,0.2631578947368421,0.0921814964082348,0.0994152046783625,0.2245614035087719,0.4415714760613372,1815186.0,1255.0,41762.0,2,14.41169905067686,0.002010813216937548
DrLupo,2025-05-12/2025-05-18,723.0,77.0,13.0,185.0,521.0,4.0,1,2230.375,4.333333333333333,9.38961038961039,0.0,0.2631578947368421,0.0921814964082348,0.0994152046783625,0.2245614035087719,0.4415714760613372,1815186.0,1255.0,41762.0,2,14.41169905067686,0.00039830628927283487
DrLupo,2025-06-02/2025-06-08,381.5,115.5,7.0,48.5,325.0,1.0,2,2439.4583333333335,3.3333333333333335,3.303030303030303,1.0,0.2631578947368421,0.0921814964082348,0.0994152046783625,0.2245614035087719,0.4415714760613372,1815186.0,1255.0,41762.0,2,14.41169905067686,0.00021017129924977385
DrLupo,2025-06-09/2025-06-15,244.0,92.33333333333333,7.333333333333333,26.0,210.66666666666666,0.0,3,1584.8333333333333,1.3333333333333333,2.6425992779783396,1.0,0.2631578947368421,0.0921814964082348,0.0994152046783625,0.2245614035087719,0.4415714760613372,1815186.0,1255.0,41762.0,2,14.41169905067686,0.00013442148628294842
DrLupo,2025-06-16/2025-06-22,83.0,104.0,3.0,6.0,74.0,0.0,1,449.5,2.0,0.7980769230769231,-2.0,0.2631578947368421,0.0921814964082348,0.0994152046783625,0.2245614035087719,0.4415714760613372,1815186.0,1255.0,41762.0,2,14.41169905067686,4.572534164542917e-05
Jacksepticeye,2025-01-06/2025-01-12,41426.0,235.0,2038.0,168.0,39211.0,9.0,1,,,176.2808510638298,0.0,0.1052631578947368,0.0292077041849613,0.0321637426900584,0.0526315789473684,1.4731878362559399e-09,7627231.0,529.0,18923.0,1,15.8472355589347,0.005431328879379685
Jacksepticeye,2025-02-03/2025-02-09,56378.0,106.0,2869.0,2786.0,50401.0,322.0,1,41426.0,1.0,531.8679245283018,0.0,0.1052631578947368,0.0292077041849613,0.0321637426900584,0.0526315789473684,1.4731878362559399e-09,7627231.0,529.0,18923.0,1,15.8472355589347,0.007391673334661032
Jacksepticeye,2025-02-10/2025-02-16,531.0,60.0,531.0,0.0,0.0,0.0,1,48902.0,1.0,8.85,0.0,0.1052631578947368,0.0292077041849613,0.0321637426900584,0.0526315789473684,1.4731878362559399e-09,7627231.0,529.0,18923.0,1,15.8472355589347,6.961897443515215e-05
Jacksepticeye,2025-03-17/2025-03-23,9512.5,135.5,965.5,90.0,8438.0,19.0,2,32778.333333333336,1.0,70.20295202952029,1.0,0.1052631578947368,0.0292077041849613,0.0321637426900584,0.0526315789473684,1.4731878362559399e-09,7627231.0,529.0,18923.0,1,15.8472355589347,0.0012471760721551504
Jacksepticeye,2025-03-31/2025-04-06,80228.0,104.75,5794.0,2196.75,72060.25,177.0,4,22140.5,1.3333333333333333,765.8997613365156,2.0,0.1052631578947368,0.0292077041849613,0.0321637426900584,0.0526315789473684,1.4731878362559399e-09,7627231.0,529.0,18923.0,1,15.8472355589347,0.010518627271155155
Jacksepticeye,2025-05-05/2025-05-11,24130.0,113.5,892.5,209.0,23001.0,27.5,2,30090.5,2.3333333333333335,212.59911894273128,-2.0,0.1052631578947368,0.0292077041849613,0.0321637426900584,0.0526315789473684,1.4731878362559399e-09,7627231.0,529.0,18923.0,1,15.8472355589347,0.0031636645068177428
Jacksepticeye,2025-05-12/2025-05-18,4217.0,48.0,128.0,112.0,3967.0,10.0,1,37956.833333333336,2.6666666666666665,87.85416666666667,-1.0,0.1052631578947368,0.0292077041849613,0.0321637426900584,0.0526315789473684,1.4731878362559399e-09,7627231.0,529.0,18923.0,1,15.8472355589347,0.0005528874109096735
Jacksepticeye,2025-05-19/2025-05-25,18750.0,50.0,649.0,133.0,17958.0,10.0,1,36191.666666666664,2.3333333333333335,375.0,0.0,0.1052631578947368,0.0292077041849613,0.0321637426900584,0.0526315789473684,1.4731878362559399e-09,7627231.0,529.0,18923.0,1,15.8472355589347,0.002458297119885316
Jacksepticeye,2025-05-26/2025-06-01,725.0,97.0,725.0,0.0,0.0,0.0,1,15699.0,1.3333333333333333,7.474226804123711,0.0,0.1052631578947368,0.0292077041849613,0.0321637426900584,0.0526315789473684,1.4731878362559399e-09,7627231.0,529.0,18923.0,1,15.8472355589347,9.505415530223223e-05
Jacksepticeye,2025-06-02/2025-06-08,18387.0,121.5,646.5,258.0,17417.5,65.0,2,7897.333333333333,1.0,151.33333333333334,1.0,0.1052631578947368,0.0292077041849613,0.0321637426900584,0.0526315789473684,1.4731878362559399e-09,7627231.0,529.0,18923.0,1,15.8472355589347,0.0024107044876443364
Jynxzi,2024-12-16/2024-12-22,4173.5,198.5,59.5,75.0,4029.0,10.0,2,,,21.025188916876573,0.0,,,,,,,,,-1,,
Jynxzi,2024-12-23/2024-12-29,78958.0,22.0,364.0,904.0,77663.0,27.0,1,4173.5,2.0,3589.0,-1.0,,,,,,,,,-1,,
Jynxzi,2025-01-06/2025-01-12,309.0,98.0,309.0,0.0,0.0,0.0,1,41565.75,1.5,3.1530612244897958,0.0,,,,,,,,,-1,,
Jynxzi,2025-02-03/2025-02-09,249.0,67.0,2.0,14.0,232.0,1.0,1,27813.5,1.3333333333333333,3.716417910447761,0.0,,,,,,,,,-1,,
Jynxzi,2025-02-17/2025-02-23,5877.5,178.0,1136.0,83.0,4651.5,7.0,2,26505.333333333332,1.0,33.01966292134831,1.0,,,,,,,,,-1,,
Jynxzi,2025-02-24/2025-03-02,368.0,71.0,368.0,0.0,0.0,0.0,1,2145.1666666666665,1.3333333333333333,5.183098591549296,-1.0,,,,,,,,,-1,,
Jynxzi,2025-03-03/2025-03-09,37899.0,39.0,552.0,145.0,37197.0,5.0,1,2164.8333333333335,1.3333333333333333,971.7692307692307,0.0,,,,,,,,,-1,,
Jynxzi,2025-04-21/2025-04-27,19140.0,31.0,601.0,151.0,18312.0,76.0,1,14714.833333333334,1.3333333333333333,617.4193548387096,0.0,,,,,,,,,-1,,
Jynxzi,2025-04-28/2025-05-04,9263.0,34.0,268.0,105.0,8832.0,58.0,1,19135.666666666668,1.0,272.44117647058823,0.0,,,,,,,,,-1,,
Jynxzi,2025-05-12/2025-05-18,86.0,87.0,86.0,0.0,0.0,0.0,1,22100.666666666668,1.0,0.9885057471264368,0.0,,,,,,,,,-1,,
Jynxzi,2025-05-19/2025-05-25,1773.3333333333333,81.0,57.0,52.0,1662.6666666666667,1.6666666666666667,3,9496.333333333334,1.0,21.893004115226336,2.0,,,,,,,,,-1,,
Jynxzi,2025-06-02/2025-06-08,16236.0,122.0,4498.0,4283.0,7410.0,45.0,1,3707.444444444445,1.6666666666666667,133.08196721311475,-2.0,,,,,,,,,-1,,
LazarBeam,2024-12-02/2024-12-08,33769.6,91.6,637.4,253.6,32846.0,32.6,5,,,368.6637554585153,0.0,,,,,,,,,-1,,
LazarBeam,2024-12-09/2024-12-15,41113.0,38.0,737.0,1155.0,39164.0,57.0,1,33769.6,5.0,1081.921052631579,-4.0,,,,,,,,,-1,,
LazarBeam,2024-12-16/2024-12-22,17309.0,65.0,314.0,208.0,16764.0,23.0,1,37441.3,3.0,266.2923076923077,0.0,,,,,,,,,-1,,
LazarBeam,2024-12-23/2024-12-29,35376.0,55.0,521.0,259.0,34586.0,10.0,1,30730.533333333336,2.3333333333333335,643.2,0.0,,,,,,,,,-1,,
LazarBeam,2025-02-03/2025-02-09,227.0,78.0,227.0,0.0,0.0,0.0,1,31266.0,1.0,2.91025641025641,0.0,,,,,,,,,-1,,
LazarBeam,2025-02-10/2025-02-16,15439.5,82.0,216.0,127.0,15092.5,4.0,2,17637.333333333332,1.0,188.28658536585365,1.0,,,,,,,,,-1,,
LazarBeam,2025-03-03/2025-03-09,27772.5,24.5,294.5,128.5,27337.5,12.0,2,17014.166666666668,1.3333333333333333,1133.5714285714287,0.0,,,,,,,,,-1,,
LazarBeam,2025-03-24/2025-03-30,46963.0,54.0,1331.0,210.0,45370.0,52.0,1,14479.666666666666,1.6666666666666667,869.6851851851852,-1.0,,,,,,,,,-1,,
LazarBeam,2025-05-26/2025-06-01,3716.0,77.0,44.0,206.0,3463.0,3.0,1,30058.333333333332,1.6666666666666667,48.25974025974026,0.0,,,,,,,,,-1,,
LazarBeam,2025-06-16/2025-06-22,1676.0,165.0,22.0,35.0,1618.0,1.0,1,26150.5,1.3333333333333333,10.157575757575758,0.0,,,,,,,,,-1,,
Myth_,2025-05-19/2025-05-25,2418.0,76.0,17.333333333333332,88.33333333333333,2311.6666666666665,0.6666666666666666,3,,,31.81578947368421,0.0,0.1578947368421052,0.0304274919923781,0.0,0.1122807017543859,0.1469754567583981,2404818.0,632.0,20433.0,2,14.692985198814572,0.0010054814958969868
Myth_,2025-05-26/2025-06-01,510.0,46.5,5.5,5.5,499.0,0.0,2,2418.0,3.0,10.96774193548387,-1.0,0.1578947368421052,0.0304274919923781,0.0,0.1122807017543859,0.1469754567583981,2404818.0,632.0,20433.0,2,14.692985198814572,0.0002120742609212007
Myth_,2025-06-02/2025-06-08,253.0,106.66666666666667,1.8333333333333333,6.0,245.0,0.16666666666666666,6,1464.0,2.5,2.3718749999999997,4.0,0.1578947368421052,0.0304274919923781,0.0,0.1122807017543859,0.1469754567583981,2404818.0,632.0,20433.0,2,14.692985198814572,0.00010520546669228191
Myth_,2025-06-09/2025-06-15,1191.5,81.0,7.5,10.0,1172.5,1.5,2,1060.3333333333333,3.6666666666666665,14.709876543209877,-4.0,0.1578947368421052,0.0304274919923781,0.0,0.1122807017543859,0.1469754567583981,2404818.0,632.0,20433.0,2,14.692985198814572,0.0004954636899757071
Ninja,2025-04-14/2025-04-20,1173.0,37.0,38.0,57.0,1073.0,5.0,1,,,31.7027027027027,0.0,0.4736842105263157,0.0631479962049294,0.1023391812865497,0.1403508771929824,0.3247061584787793,6528161.0,1515.0,46063.0,0,15.691635991494634,0.00017968306847824373
Ninja,2025-04-21/2025-04-27,5700.0,26.0,138.0,244.0,5255.0,63.0,1,1173.0,1.0,219.23076923076923,0.0,0.4736842105263157,0.0631479962049294,0.1023391812865497,0.1403508771929824,0.3247061584787793,6528161.0,1515.0,46063.0,0,15.691635991494634,0.0008731402304569388
Ninja,2025-04-28/2025-05-04,914.0,106.5,27.0,29.5,856.5,1.0,2,3436.5,1.0,8.582159624413146,1.0,0.4736842105263157,0.0631479962049294,0.1023391812865497,0.1403508771929824,0.3247061584787793,6528161.0,1515.0,46063.0,0,15.691635991494634,0.00014000880186625298
Ninja,2025-05-12/2025-05-18,17080.0,89.0,848.0,124.0,16051.0,57.0,1,2595.6666666666665,1.3333333333333333,191.91011235955057,-1.0,0.4736842105263157,0.0631479962049294,0.1023391812865497,0.1403508771929824,0.3247061584787793,6528161.0,1515.0,46063.0,0,15.691635991494634,0.0026163570414393885
Ninja,2025-05-19/2025-05-25,547.0,152.5,48.25,8.25,490.25,0.25,4,7898.0,1.3333333333333333,3.586885245901639,3.0,0.4736842105263157,0.0631479962049294,0.1023391812865497,0.1403508771929824,0.3247061584787793,6528161.0,1515.0,46063.0,0,15.691635991494634,8.379082562455185e-05
Ninja,2025-05-26/2025-06-01,2220.3333333333335,85.66666666666667,71.66666666666667,41.333333333333336,2098.3333333333335,9.0,3,6180.333333333333,2.3333333333333335,25.91828793774319,-1.0,0.4736842105263157,0.0631479962049294,0.1023391812865497,0.1403508771929824,0.3247061584787793,6528161.0,1515.0,46063.0,0,15.691635991494634,0.0003401162032206824
Ninja,2025-06-02/2025-06-08,9.0,140.0,9.0,0.0,0.0,0.0,1,6615.777777777777,2.6666666666666665,0.06428571428571428,-2.0,0.4736842105263157,0.0631479962049294,0.1023391812865497,0.1403508771929824,0.3247061584787793,6528161.0,1515.0,46063.0,0,15.691635991494634,1.378642469142535e-06
Ninja,2025-06-09/2025-06-15,5872.0,100.0,240.0,37.25,5587.75,7.0,4,925.4444444444445,2.6666666666666665,58.72,3.0,0.4736842105263157,0.0631479962049294,0.1023391812865497,0.1403508771929824,0.3247061584787793,6528161.0,1515.0,46063.0,0,15.691635991494634,0.0008994876198672183
OMGitsAliA,2025-05-26/2025-06-01,910.6666666666666,77.33333333333333,39.666666666666664,22.166666666666668,845.8333333333334,3.0,6,,,11.775862068965518,0.0,0.1578947368421052,0.0562906741276622,0.0292397660818713,0.1547987616099071,0.2135016053750628,2383888.0,1011.0,62634.0,0,14.684243745680723,0.0003820089981855971
OMGitsAliA,2025-06-02/2025-06-08,972.4545454545455,91.45454545454545,45.18181818181818,36.72727272727273,887.7272727272727,2.8181818181818183,11,910.6666666666666,6.0,10.633200795228628,5.0,0.1578947368421052,0.0562906741276622,0.0292397660818713,0.1547987616099071,0.2135016053750628,2383888.0,1011.0,62634.0,0,14.684243745680723,0.00040792795024537456
OMGitsAliA,2025-06-09/2025-06-15,2189.0,89.5,53.0,28.5,2106.0,1.5,2,941.560606060606,8.5,24.45810055865922,-9.0,0.1578947368421052,0.0562906741276622,0.0292397660818713,0.1547987616099071,0.2135016053750628,2383888.0,1011.0,62634.0,0,14.684243745680723,0.0009182478371467116
Pokelawls,2025-03-24/2025-03-30,176.0,46.5,0.0,20.5,155.5,0.0,2,,,3.78494623655914,0.0,,,,,,,,,-1,,
Pokelawls,2025-03-31/2025-04-06,177.5,34.5,1.5,8.0,168.0,0.0,2,176.0,2.0,5.144927536231884,0.0,,,,,,,,,-1,,
Pokelawls,2025-04-07/2025-04-13,48.0,96.0,2.0,1.0,45.0,0.0,1,176.75,2.0,0.5,-1.0,,,,,,,,,-1,,
Pokelawls,2025-04-14/2025-04-20,283.5,36.5,7.0,25.0,250.5,1.0,2,133.83333333333334,1.6666666666666667,7.767123287671233,1.0,,,,,,,,,-1,,
Pokelawls,2025-04-21/2025-04-27,442.5,62.25,3.25,28.5,410.75,0.0,4,169.66666666666666,1.6666666666666667,7.108433734939759,2.0,,,,,,,,,-1,,
Pokelawls,2025-04-28/2025-05-04,233.5,128.5,1.0,6.0,226.5,0.0,2,258.0,2.3333333333333335,1.8171206225680934,-2.0,,,,,,,,,-1,,
Pokelawls,2025-05-26/2025-06-01,146.0,61.0,1.0,8.0,136.0,1.0,1,319.8333333333333,2.6666666666666665,2.3934426229508197,-1.0,,,,,,,,,-1,,
Pokelawls,2025-06-02/2025-06-08,150.5,64.5,4.0,6.5,139.5,0.5,2,274.0,2.3333333333333335,2.3333333333333335,1.0,,,,,,,,,-1,,
Pokelawls,2025-06-09/2025-06-15,102.0,48.0,1.0,2.0,99.0,0.0,1,176.66666666666666,1.6666666666666667,2.125,-1.0,,,,,,,,,-1,,
Quackity,2024-11-04/2024-11-10,33670.0,145.0,5512.0,524.0,27347.0,287.0,1,,,232.20689655172413,0.0,0.1052631578947368,0.0446185562554796,0.0,0.1776315789473684,0.1570017482898329,5780664.0,894.0,8101.0,1,15.570029285933712,0.005824590393075951
Quackity,2024-11-18/2024-11-24,55982.0,263.0,12318.0,2559.0,40505.0,600.0,1,33670.0,1.0,212.8593155893536,0.0,0.1052631578947368,0.0446185562554796,0.0,0.1776315789473684,0.1570017482898329,5780664.0,894.0,8101.0,1,15.570029285933712,0.009684354600094383
Quackity,2024-12-09/2024-12-15,9323.0,107.0,9323.0,0.0,0.0,0.0,1,44826.0,1.0,87.13084112149532,0.0,0.1052631578947368,0.0446185562554796,0.0,0.1776315789473684,0.1570017482898329,5780664.0,894.0,8101.0,1,15.570029285933712,0.0016127905029595217
Quackity,2024-12-23/2024-12-29,85528.0,109.33333333333333,12334.0,3390.6666666666665,67647.33333333333,2156.0,3,32991.666666666664,1.0,782.2682926829268,2.0,0.1052631578947368,0.0446185562554796,0.0,0.1776315789473684,0.1570017482898329,5780664.0,894.0,8101.0,1,15.570029285933712,0.014795532139560438
Quackity,2024-12-30/2025-01-05,1974.0,140.0,1974.0,0.0,0.0,0.0,1,50277.666666666664,1.6666666666666667,14.1,-2.0,0.1052631578947368,0.0446185562554796,0.0,0.1776315789473684,0.1570017482898329,5780664.0,894.0,8101.0,1,15.570029285933712,0.00034148326213044036
Quackity,2025-01-13/2025-01-19,151586.0,293.0,20825.0,5692.0,122520.0,2549.0,1,32275.0,1.6666666666666667,517.358361774744,0.0,0.1052631578947368,0.0446185562554796,0.0,0.1776315789473684,0.1570017482898329,5780664.0,894.0,8101.0,1,15.570029285933712,0.026222939094885985
Quackity,2025-02-17/2025-02-23,66577.0,140.0,11706.0,3335.0,49322.0,2214.0,1,79696.0,1.6666666666666667,475.55,0.0,0.1052631578947368,0.0446185562554796,0.0,0.1776315789473684,0.1570017482898329,5780664.0,894.0,8101.0,1,15.570029285933712,0.011517189028803611
Quackity,2025-03-17/2025-03-23,74801.0,77.0,8734.0,928.0,64422.0,717.0,1,73379.0,1.0,971.4415584415584,0.0,0.1052631578947368,0.0446185562554796,0.0,0.1776315789473684,0.1570017482898329,5780664.0,894.0,8101.0,1,15.570029285933712,0.012939862963839447
Quackity,2025-03-31/2025-04-06,145186.0,48.0,11892.0,2020.0,126114.0,5160.0,1,97654.66666666667,1.0,3024.7083333333335,0.0,0.1052631578947368,0.0446185562554796,0.0,0.1776315789473684,0.1570017482898329,5780664.0,894.0,8101.0,1,15.570029285933712,0.025115799845830858
Quackity,2025-04-21/2025-04-27,107783.0,53.0,19568.0,5591.0,75430.0,7194.0,1,95521.33333333333,1.0,2033.6415094339623,0.0,0.1052631578947368,0.0446185562554796,0.0,0.1776315789473684,0.1570017482898329,5780664.0,894.0,8101.0,1,15.570029285933712,0.018645435887641972
Quackity,2025-05-26/2025-06-01,33071.5,47.5,7196.0,1073.5,23284.0,1518.0,2,109256.66666666667,1.0,696.2421052631579,1.0,0.1052631578947368,0.0446185562554796,0.0,0.1776315789473684,0.1570017482898329,5780664.0,894.0,8101.0,1,15.570029285933712,0.00572105557423853
SSSniperWolf,2024-11-18/2024-11-24,796.0,146.0,19.0,111.0,660.0,6.0,1,,,5.4520547945205475,0.0,,,,,,,,,-1,,
SSSniperWolf,2024-12-09/2024-12-15,22647.0,19.0,22647.0,0.0,0.0,0.0,1,796.0,1.0,1191.9473684210527,0.0,,,,,,,,,-1,,
SSSniperWolf,2025-03-03/2025-03-09,514.5,61.5,15.0,34.5,462.5,2.5,2,11721.5,1.0,8.365853658536585,1.0,,,,,,,,,-1,,
SSSniperWolf,2025-03-24/2025-03-30,752.5,72.0,38.5,61.5,646.5,6.0,2,7985.833333333333,1.3333333333333333,10.45138888888889,0.0,,,,,,,,,-1,,
Summit1g,2025-05-26/2025-06-01,94.66666666666667,112.33333333333333,5.0,1.6666666666666667,88.0,0.0,3,,,0.8427299703264096,0.0,,,,,,,,,-1,,
Summit1g,2025-06-02/2025-06-08,124.88888888888889,90.55555555555556,5.777777777777778,5.0,114.11111111111111,0.0,9,94.66666666666667,3.0,1.3791411042944786,6.0,,,,,,,,,-1,,
Summit1g,2025-06-09/2025-06-15,95.875,91.625,5.125,3.0,87.75,0.0,8,109.77777777777777,6.0,1.0463847203274215,-1.0,,,,,,,,,-1,,
Syndicate,2025-06-09/2025-06-15,1517.7857142857142,81.35714285714286,16.928571428571427,36.785714285714285,1463.4285714285713,0.6428571428571429,14,,,18.6558384547849,0.0,0.0526315789473684,0.0706074350070639,0.0,0.1415204678362573,0.0966366586675427,1958706.0,232.0,124153.0,0,14.487795119635397,0.0007748920533687619
Tfue,2024-11-04/2024-11-10,1186.0,32.0,21.0,56.0,1108.0,1.0,1,,,37.0625,0.0,0.2631578947368421,0.0587699351305385,0.0146198830409356,0.1464530892448512,0.3705033521917079,4066596.0,1443.0,6087.0,2,15.218317089741095,0.00029164441218158875
Tfue,2024-12-02/2024-12-08,5959.0,45.5,56.5,80.5,5818.0,4.0,2,1186.0,1.0,130.96703296703296,1.0,0.2631578947368421,0.0587699351305385,0.0146198830409356,0.1464530892448512,0.3705033521917079,4066596.0,1443.0,6087.0,2,15.218317089741095,0.0014653533323693822
Tfue,2024-12-09/2024-12-15,58570.0,37.0,505.0,174.0,57879.0,12.0,1,3572.5,1.5,1582.972972972973,-1.0,0.2631578947368421,0.0587699351305385,0.0146198830409356,0.1464530892448512,0.3705033521917079,4066596.0,1443.0,6087.0,2,15.218317089741095,0.014402709292981156
Tfue,2024-12-23/2024-12-29,15545.0,63.0,264.0,250.0,15013.0,18.0,1,21905.0,1.3333333333333333,246.74603174603175,0.0,0.2631578947368421,0.0587699351305385,0.0146198830409356,0.1464530892448512,0.3705033521917079,4066596.0,1443.0,6087.0,2,15.218317089741095,0.003822607409243505
Tfue,2024-12-30/2025-01-05,17906.5,112.0,5145.0,759.5,11960.0,42.0,2,26691.333333333332,1.3333333333333333,159.87946428571428,1.0,0.2631578947368421,0.0587699351305385,0.0146198830409356,0.1464530892448512,0.3705033521917079,4066596.0,1443.0,6087.0,2,15.218317089741095,0.004403314221525817
Tfue,2025-01-06/2025-01-12,1913.0,75.83333333333333,39.0,61.833333333333336,1804.0,8.166666666666666,6,30673.833333333332,1.3333333333333333,25.22637362637363,4.0,0.2631578947368421,0.0587699351305385,0.0146198830409356,0.1464530892448512,0.3705033521917079,4066596.0,1443.0,6087.0,2,15.218317089741095,0.0004704180105424783
Tfue,2025-01-13/2025-01-19,4676.0,23.0,71.0,85.0,4515.0,5.0,1,11788.166666666666,3.0,203.30434782608697,-5.0,0.2631578947368421,0.0587699351305385,0.0146198830409356,0.1464530892448512,0.3705033521917079,4066596.0,1443.0,6087.0,2,15.218317089741095,0.0011498560466788438
Tfue,2025-02-10/2025-02-16,32675.0,23.0,731.0,277.0,31612.0,55.0,1,8165.166666666667,3.0,1420.6521739130435,0.0,0.2631578947368421,0.0587699351305385,0.0146198830409356,0.1464530892448512,0.3705033521917079,4066596.0,1443.0,6087.0,2,15.218317089741095,0.008034975689741495
Tfue,2025-02-24/2025-03-02,7143.0,45.0,84.0,187.0,6864.0,8.0,1,13088.0,2.6666666666666665,158.73333333333332,0.0,0.2631578947368421,0.0587699351305385,0.0146198830409356,0.1464530892448512,0.3705033521917079,4066596.0,1443.0,6087.0,2,15.218317089741095,0.0017565059327260442
Tfue,2025-05-12/2025-05-18,1510.0,16.0,18.0,26.0,1465.0,1.0,1,14831.333333333334,1.0,94.375,0.0,0.2631578947368421,0.0587699351305385,0.0146198830409356,0.1464530892448512,0.3705033521917079,4066596.0,1443.0,6087.0,2,15.218317089741095,0.0003713179278197293
Tfue,2025-06-02/2025-06-08,15695.0,23.0,177.0,47.0,15469.0,2.0,1,13776.0,1.0,682.3913043478261,0.0,0.2631578947368421,0.0587699351305385,0.0146198830409356,0.1464530892448512,0.3705033521917079,4066596.0,1443.0,6087.0,2,15.218317089741095,0.0038594932961130146
TheGrefg,2025-06-02/2025-06-08,4828.8,81.4,107.2,21.6,4696.0,4.0,5,,,59.32186732186732,0.0,0.0,0.022759325467259,0.0,0.0,7.3659391812797e-11,8387320.0,1835.0,52141.0,3,15.942231718752677,0.0005757262152868855
TheGrefg,2025-06-09/2025-06-15,3394.25,122.0,55.416666666666664,30.583333333333332,3306.0833333333335,2.1666666666666665,12,4828.8,5.0,27.82172131147541,7.0,0.0,0.022759325467259,0.0,0.0,7.3659391812797e-11,8387320.0,1835.0,52141.0,3,15.942231718752677,0.0004046882675276489
TimTheTatman,2025-05-19/2025-05-25,2746.5,103.0,70.0,61.0,2610.0,5.5,2,,,26.66504854368932,0.0,,,,,,,,,-1,,
TimTheTatman,2025-05-26/2025-06-01,1511.0,109.66666666666667,116.66666666666667,77.33333333333333,1312.6666666666667,4.333333333333333,3,2746.5,2.0,13.778115501519757,1.0,,,,,,,,,-1,,
TimTheTatman,2025-06-02/2025-06-08,1710.0,106.85714285714286,53.285714285714285,57.142857142857146,1593.7142857142858,5.857142857142857,7,2128.75,2.5,16.002673796791445,4.0,,,,,,,,,-1,,
TimTheTatman,2025-06-09/2025-06-15,806.75,99.25,19.375,22.5,763.125,1.75,8,1989.1666666666667,4.0,8.128463476070529,1.0,,,,,,,,,-1,,
Valkyrae,2025-05-05/2025-05-11,15928.5,83.5,501.5,120.5,15275.0,31.5,2,,,190.76047904191617,0.0,0.0526315789473684,0.0292077041849613,0.0,0.0526315789473684,1.4731878362559399e-09,2944525.0,979.0,26024.0,1,14.895458411349853,0.005409531248673385
Valkyrae,2025-05-19/2025-05-25,4325.0,130.0,152.5,43.0,4124.5,5.0,2,15928.5,2.0,33.26923076923077,0.0,0.0526315789473684,0.0292077041849613,0.0,0.0526315789473684,1.4731878362559399e-09,2944525.0,979.0,26024.0,1,14.895458411349853,0.0014688277396184444
Valkyrae,2025-05-26/2025-06-01,24820.333333333332,93.0,428.6666666666667,151.0,24218.666666666668,22.0,3,10126.75,2.0,266.8853046594982,1.0,0.0526315789473684,0.0292077041849613,0.0,0.0526315789473684,1.4731878362559399e-09,2944525.0,979.0,26024.0,1,14.895458411349853,0.008429316556433832
Valkyrae,2025-06-02/2025-06-08,26181.75,134.0,446.75,212.0,25489.75,33.25,4,15024.61111111111,2.3333333333333335,195.38619402985074,1.0,0.0526315789473684,0.0292077041849613,0.0,0.0526315789473684,1.4731878362559399e-09,2944525.0,979.0,26024.0,1,14.895458411349853,0.0088916718316197
Valkyrae,2025-06-09/2025-06-15,23126.0,96.0,171.0,1064.0,21663.0,228.0,1,18442.36111111111,3.0,240.89583333333334,-3.0,0.0526315789473684,0.0292077041849613,0.0,0.0526315789473684,1.4731878362559399e-09,2944525.0,979.0,26024.0,1,14.895458411349853,0.007853898336743617
Valkyrae,2025-06-16/2025-06-22,145.0,138.0,145.0,0.0,0.0,0.0,1,24709.36111111111,2.6666666666666665,1.0507246376811594,0.0,0.0526315789473684,0.0292077041849613,0.0,0.0526315789473684,1.4731878362559399e-09,2944525.0,979.0,26024.0,1,14.895458411349853,4.9243935779115474e-05
markiplier,2023-10-09/2023-10-15,54365.0,71.5,4358.0,1233.0,48248.5,525.5,2,,,760.3496503496503,0.0,0.1578947368421052,0.022759325467259,0.0,0.0,7.3659391812797e-11,13865741.0,382.0,9040.0,1,16.444931751647683,0.003920814617841196
markiplier,2023-12-11/2023-12-17,653.0,140.0,653.0,0.0,0.0,0.0,1,54365.0,2.0,4.664285714285715,-1.0,0.1578947368421052,0.022759325467259,0.0,0.0,7.3659391812797e-11,13865741.0,382.0,9040.0,1,16.444931751647683,4.70944899374653e-05
markiplier,2023-12-18/2023-12-24,3414.0,140.0,3414.0,0.0,0.0,0.0,1,27509.0,1.5,24.385714285714286,0.0,0.1578947368421052,0.022759325467259,0.0,0.0,7.3659391812797e-11,13865741.0,382.0,9040.0,1,16.444931751647683,0.0002462183593361509
markiplier,2024-02-26/2024-03-03,26443.0,303.0,1157.0,460.0,24686.0,140.0,1,19477.333333333332,1.3333333333333333,87.27062706270627,0.0,0.1578947368421052,0.022759325467259,0.0,0.0,7.3659391812797e-11,13865741.0,382.0,9040.0,1,16.444931751647683,0.0019070744217708957
markiplier,2024-03-25/2024-03-31,263801.0,46.0,22383.0,3948.0,236428.0,1042.0,1,10170.0,1.0,5734.804347826087,0.0,0.1578947368421052,0.022759325467259,0.0,0.0,7.3659391812797e-11,13865741.0,382.0,9040.0,1,16.444931751647683,0.01902538061254714
markiplier,2024-05-13/2024-05-19,192886.0,11.0,13192.0,4554.0,171934.0,3206.0,1,97886.0,1.0,17535.090909090908,0.0,0.1578947368421052,0.022759325467259,0.0,0.0,7.3659391812797e-11,13865741.0,382.0,9040.0,1,16.444931751647683,0.013910976701497598
markiplier,2024-08-05/2024-08-11,40764.5,73.5,1831.0,1081.5,37257.5,594.5,2,161043.33333333334,1.0,554.6190476190476,1.0,0.1578947368421052,0.022759325467259,0.0,0.0,7.3659391812797e-11,13865741.0,382.0,9040.0,1,16.444931751647683,0.002939943851540282
markiplier,2024-10-21/2024-10-27,65084.0,222.0,3667.0,317.0,61055.0,45.0,1,165817.16666666666,1.3333333333333333,293.1711711711712,-1.0,0.1578947368421052,0.022759325467259,0.0,0.0,7.3659391812797e-11,13865741.0,382.0,9040.0,1,16.444931751647683,0.004693871030765684
markiplier,2024-11-25/2024-12-01,2899.0,53.0,2899.0,0.0,0.0,0.0,1,99578.16666666667,1.3333333333333333,54.698113207547166,0.0,0.1578947368421052,0.022759325467259,0.0,0.0,7.3659391812797e-11,13865741.0,382.0,9040.0,1,16.444931751647683,0.0002090764568586706
markiplier,2024-12-23/2024-12-29,289123.0,12.0,17502.0,1220.0,270094.0,307.0,1,36249.166666666664,1.3333333333333333,24093.583333333332,0.0,0.1578947368421052,0.022759325467259,0.0,0.0,7.3659391812797e-11,13865741.0,382.0,9040.0,1,16.444931751647683,0.020851608291255406
markiplier,2025-01-06/2025-01-12,144326.0,217.0,6388.0,1270.0,136506.0,162.0,1,119035.33333333333,1.0,665.0967741935484,0.0,0.1578947368421052,0.022759325467259,0.0,0.0,7.3659391812797e-11,13865741.0,382.0,9040.0,1,16.444931751647683,0.010408819838766641
markiplier,2025-02-24/2025-03-02,1284.0,101.0,1284.0,0.0,0.0,0.0,1,145449.33333333334,1.0,12.712871287128714,0.0,0.1578947368421052,0.022759325467259,0.0,0.0,7.3659391812797e-11,13865741.0,382.0,9040.0,1,16.444931751647683,9.260233549725183e-05
markiplier,2025-05-12/2025-05-18,1320.0,102.0,1320.0,0.0,0.0,0.0,1,144911.0,1.0,12.941176470588236,0.0,0.1578947368421052,0.022759325467259,0.0,0.0,7.3659391812797e-11,13865741.0,382.0,9040.0,1,16.444931751647683,9.519866266072617e-05
scump,2025-05-19/2025-05-25,5156.5,72.5,182.0,22.25,4940.25,12.0,4,,,71.12413793103448,0.0,0.0526315789473684,0.022759325467259,0.0,0.0,7.3659391812797e-11,2240844.0,2135.0,57488.0,2,14.622363584839924,0.0023011418911802876
scump,2025-06-02/2025-06-08,3037.6666666666665,102.0,83.83333333333333,31.833333333333332,2911.8333333333335,10.166666666666666,6,5156.5,4.0,29.781045751633986,2.0,0.0526315789473684,0.022759325467259,0.0,0.0,7.3659391812797e-11,2240844.0,2135.0,57488.0,2,14.622363584839924,0.001355590423370242
scump,2025-06-09/2025-06-15,819.7777777777778,87.44444444444444,43.666666666666664,23.333333333333332,748.2222222222222,4.555555555555555,9,4097.083333333333,5.0,9.37484116899619,3.0,0.0526315789473684,0.022759325467259,0.0,0.0,7.3659391812797e-11,2240844.0,2135.0,57488.0,2,14.622363584839924,0.0003658343810536467
shroud,2025-05-12/2025-05-18,614.2,79.6,22.6,27.0,556.0,8.6,5,,,7.716080402010052,0.0,0.1052631578947368,0.0475856239710426,0.0614035087719298,0.0701754385964912,1.4068943836244226e-08,1844237.0,1049.0,9830.0,1,14.427576742015335,0.00033303745668262813
shroud,2025-05-19/2025-05-25,984.5,60.0,9.0,90.0,883.5,2.0,2,614.2,5.0,16.408333333333335,-3.0,0.1052631578947368,0.0475856239710426,0.0614035087719298,0.0701754385964912,1.4068943836244226e-08,1844237.0,1049.0,9830.0,1,14.427576742015335,0.0005338250994855867
shroud,2025-05-26/2025-06-01,333.0,4.5,6.5,27.5,298.0,1.0,2,799.35,3.5,74.0,0.0,0.1052631578947368,0.0475856239710426,0.0614035087719298,0.0701754385964912,1.4068943836244226e-08,1844237.0,1049.0,9830.0,1,14.427576742015335,0.0001805624765146779
shroud,2025-06-02/2025-06-08,698.25,16.25,7.5,27.0,663.5,0.25,4,643.9,3.0,42.96923076923077,2.0,0.1052631578947368,0.0475856239710426,0.0614035087719298,0.0701754385964912,1.4068943836244226e-08,1844237.0,1049.0,9830.0,1,14.427576742015335,0.0003786118595386602
shroud,2025-06-09/2025-06-15,2064.6666666666665,37.0,42.666666666666664,244.33333333333334,1764.6666666666667,13.0,3,671.9166666666666,2.6666666666666665,55.8018018018018,-1.0,0.1052631578947368,0.0475856239710426,0.0614035087719298,0.0701754385964912,1.4068943836244226e-08,1844237.0,1049.0,9830.0,1,14.427576742015335,0.0011195235030349497
