user_id,screen_name,followers_count,current_influence,post_frequency,engagement_rate,post_quality,hashtag_usage,mentions,video_content,posting_time_morning,posting_time_afternoon,posting_time_evening,future_influence
2455740283,MrBeast,32685303.586286843,-0.6764081337781003,3,0.11534204235286104,0.8313049871551832,1,0,0,0,1,0,0.3683870284995421
2455740283,MrBeast,32684855.601706237,-0.6764081337781003,4,0.08520396699201284,0.9274332496678312,4,0,0,0,0,1,0.5412747687480622
2455740283,MrBeast,32665239.38983009,-0.6764081337781003,4,0.09402417990514671,0.9464556200448708,1,0,1,1,0,0,0.6882046139625446
2455740283,MrBeast,32661851.975011762,-0.6764081337781003,4,0.09115672624183241,0.5902590491850421,2,0,1,1,0,0,0.39308279713946387
2455740283,MrBeast,32619999.13164677,-0.6764081337781003,9,0.09478994161453858,0.918483101791469,3,1,0,0,0,1,0.7234928606171076
2455740283,MrBeast,32672925.333355382,-0.6764081337781003,3,0.056851621506202106,0.5302647619881948,1,2,0,0,0,1,0.2100293202380618
2455740283,MrBeast,32620201.29404643,-0.6764081337781003,6,0.12767399393771806,0.6887280383073442,3,0,0,0,1,0,0.5669780541636178
2455740283,MrBeast,32704123.504436553,-0.6764081337781003,5,0.13512807543821231,0.6081985014279683,3,0,1,0,1,0,0.642020407040942
2455740283,MrBeast,32722085.10141579,-0.6764081337781003,7,0.04631130430425821,0.8419006473947706,2,1,0,1,0,0,0.4937024616410153
2455740283,MrBeast,32609471.79996353,-0.6764081337781003,9,0.04354004223240109,0.5708696957137782,2,1,0,1,0,0,0.4686000501317241
2455740283,MrBeast,32661850.83937008,-0.6764081337781003,3,0.10521283867977213,0.5337847300073568,3,2,1,0,1,0,0.44558431668027076
2455740283,MrBeast,32636916.80572438,-0.6764081337781003,2,0.08015349913833526,0.7640545221476494,2,1,1,0,0,1,0.5076971615792949
2455740283,MrBeast,32632912.182322554,-0.6764081337781003,7,0.024433516793208016,0.6354996616144288,0,1,0,1,0,0,0.3237693175059925
2455740283,MrBeast,32659184.36490758,-0.6764081337781003,9,0.0969360283193262,0.8762950693767388,0,0,0,0,0,1,0.7277738735609389
2455740283,MrBeast,32668681.575874984,-0.6764081337781003,7,0.09006530827374942,0.9664974950742232,2,0,1,0,0,1,0.9183355536079092
2455740283,MrBeast,32659778.242311396,-0.6764081337781003,1,0.12880021089215882,0.8014813100884359,4,1,0,0,0,1,0.3341867513742187
2455740283,MrBeast,32646326.786451157,-0.6764081337781003,1,0.13581098371532174,0.5224796443752018,1,1,0,0,1,0,0.15469048585695422
2455740283,MrBeast,32635788.914460808,-0.6764081337781003,9,0.1145827225111289,0.7780795544579757,1,0,0,0,0,1,0.6422404002150948
2455740283,MrBeast,32658336.419874664,-0.6764081337781003,7,0.13595178046978723,0.6211488214343361,2,2,1,0,0,1,0.6921486478884458
2455740283,MrBeast,32666643.620655324,-0.6764081337781003,6,0.07164722597529288,0.6160581610195399,2,2,0,0,0,1,0.379792448568738
2455740283,MrBeast,32704492.536217626,-0.6764081337781003,1,0.14932549505917841,0.5122977312730945,0,1,1,0,0,1,0.356535149458418
2455740283,MrBeast,32678134.001415506,-0.6764081337781003,9,0.1382965898170954,0.5379759857226933,2,2,1,0,1,0,0.8606626030241007
2455740283,MrBeast,32606070.660727274,-0.6764081337781003,1,0.06606743551889457,0.5705637761050313,3,0,0,1,0,0,0.08318151904781118
2455740283,MrBeast,32628858.503656916,-0.6764081337781003,9,0.09857385622121378,0.8655620477283688,1,2,0,1,0,0,0.7522026680593598
2455740283,MrBeast,32631292.74431916,-0.6764081337781003,6,0.09046583412769564,0.5251090400875078,4,0,0,0,1,0,0.3032361671743443
2455740283,MrBeast,32665850.400376968,-0.6764081337781003,6,0.01609466161412299,0.9644596932652632,0,2,0,1,0,0,0.4961680029462615
2455740283,MrBeast,32703312.908293575,-0.6764081337781003,9,0.13325223270781267,0.8403619340898817,3,2,0,0,1,0,0.7724462601146653
2455740283,MrBeast,32713815.184233073,-0.6764081337781003,8,0.1084253466123222,0.7902881859757891,3,1,0,1,0,0,0.595553842124723
2455740283,MrBeast,32619178.992622834,-0.6764081337781003,2,0.02561242928541524,0.8967463548290961,1,1,0,1,0,0,0.2115876740631515
2455740283,MrBeast,32664807.902484614,-0.6764081337781003,8,0.14273171208340887,0.539698778747826,3,0,0,0,1,0,0.5594649539526819
2455740283,MrBeast,32679318.02834205,-0.6764081337781003,4,0.09436997641087325,0.5023135360965327,4,1,0,0,0,1,0.2077274712720034
2455740283,MrBeast,32669463.16750046,-0.6764081337781003,1,0.1129379736368755,0.898190944604511,2,0,1,0,1,0,0.5627963162159948
2455740283,MrBeast,32632046.823035676,-0.6764081337781003,9,0.07986918343960085,0.8907803303665018,1,0,0,1,0,0,0.6518398986068709
2455740283,MrBeast,32623339.81966814,-0.6764081337781003,7,0.10837825194568391,0.7714288792130364,1,2,0,0,1,0,0.6813119338948245
2455740283,MrBeast,32691178.823867235,-0.6764081337781003,3,0.09684076018181165,0.8950587586353866,0,1,0,1,0,0,0.35300046616028863
2455740283,MrBeast,32649791.181250967,-0.6764081337781003,3,0.06580225142115094,0.5997937539895752,2,0,0,1,0,0,0.11629233920144794
2455740283,MrBeast,32702922.822917376,-0.6764081337781003,3,0.028506471822425695,0.5731651738511072,1,0,0,0,1,0,0.06725128666078378
2455740283,MrBeast,32647894.487585276,-0.6764081337781003,2,0.08728636901148204,0.5603904421737633,0,0,0,0,0,1,0.022731710772453388
2455740283,MrBeast,32620604.45061893,-0.6764081337781003,2,0.07464575039377723,0.9315051763351652,0,2,1,0,0,1,0.5600194719519525
2455740283,MrBeast,32643307.625668824,-0.6764081337781003,6,0.03586694016601327,0.8568726593378216,3,1,0,0,1,0,0.4231268864897391
2455740283,MrBeast,32606832.974715948,-0.6764081337781003,3,0.028638095332243284,0.7016275336576954,1,0,0,0,1,0,0.1722928256346713
2455740283,MrBeast,32691031.5905593,-0.6764081337781003,5,0.12851422544769023,0.5028098217521488,3,1,0,0,0,1,0.36510844578487067
2455740283,MrBeast,32702825.586932622,-0.6764081337781003,2,0.138234797245193,0.6119487409682165,0,2,0,1,0,0,0.2809488626792892
2455740283,MrBeast,32661803.30339651,-0.6764081337781003,5,0.0897648943401364,0.5000409496017821,0,2,1,1,0,0,0.4061978007214615
2455740283,MrBeast,32685072.3184827,-0.6764081337781003,3,0.12244947577808413,0.8711659351139525,0,0,1,0,1,0,0.6886000244818083
2455740283,MrBeast,32693574.217831355,-0.6764081337781003,5,0.06336945487915421,0.887249269224488,2,1,0,0,1,0,0.45096625574938776
2455740283,MrBeast,32706419.806345712,-0.6764081337781003,4,0.03887319537006803,0.6092330985357619,4,2,0,1,0,0,0.2227941594320595
2455740283,MrBeast,32659746.538275857,-0.6764081337781003,7,0.04599639684492018,0.8183393207889331,4,0,0,0,1,0,0.5509641185866567
2455740283,MrBeast,32638888.900809072,-0.6764081337781003,4,0.04494859933242775,0.8872239158108217,1,1,1,0,1,0,0.63187161604461
2455740283,MrBeast,32695243.887860555,-0.6764081337781003,4,0.10841147839662583,0.7428316698802592,3,1,1,0,0,1,0.5227696839428237
2455740283,MrBeast,32650971.94130272,-0.6764081337781003,7,0.02509666535826867,0.7548972608934572,4,1,1,0,0,1,0.6531945714724189
2455740283,MrBeast,32665760.19039676,-0.6764081337781003,1,0.14490535864088513,0.885667465095344,1,0,0,1,0,0,0.43577038556459236
2455740283,MrBeast,32677020.20811354,-0.6764081337781003,5,0.05606121406686818,0.7699912772418869,3,2,1,0,0,1,0.6400427333314627
2455740283,MrBeast,32657160.49396067,-0.6764081337781003,4,0.11302243657494261,0.6765220848964029,3,1,0,0,1,0,0.3466533262432572
2455740283,MrBeast,32687866.996161785,-0.6764081337781003,2,0.058034815234122045,0.5105120584716485,1,2,0,1,0,0,0.05031496554083035
2455740283,MrBeast,32617574.554951895,-0.6764081337781003,1,0.14440312310686287,0.6904704052284218,1,2,1,0,0,1,0.4760133472039419
2455740283,MrBeast,32695111.997814376,-0.6764081337781003,3,0.10267667685615027,0.8376281027478398,4,1,0,1,0,0,0.42702842299564775
2455740283,MrBeast,32625299.13332984,-0.6764081337781003,8,0.0850477667758657,0.8969796774352892,3,0,0,1,0,0,0.6412131484027933
2455740283,MrBeast,32601833.989084754,-0.6764081337781003,9,0.120426990476318,0.8440009880143609,1,2,0,0,0,1,0.7912490256706869
2455740283,MrBeast,32654835.909926135,-0.6764081337781003,6,0.07631315105919068,0.8675516274627577,4,1,0,1,0,0,0.6435935316516992
2455740283,MrBeast,32743859.46308998,-0.6764081337781003,4,0.07874825508963357,0.7935388586051872,1,1,1,1,0,0,0.6296083809340063
2455740283,MrBeast,32643988.543391988,-0.6764081337781003,9,0.06504489002480054,0.6497902441363879,2,2,0,1,0,0,0.5135243554930735
2455740283,MrBeast,32617235.69510071,-0.6764081337781003,8,0.0974524192852357,0.6900541529937163,2,1,0,0,0,1,0.4725562740789267
2455740283,MrBeast,32625432.790428437,-0.6764081337781003,2,0.14395557930809091,0.6451873343130625,1,0,0,1,0,0,0.2596030691418747
2455740283,MrBeast,32687214.91030658,-0.6764081337781003,7,0.14610574538554882,0.8499625767561083,2,2,0,1,0,0,0.793391904861206
2455740283,MrBeast,32728593.693776775,-0.6764081337781003,7,0.01140459676539514,0.6941944156392523,0,0,0,0,1,0,0.32459233186533987
2455740283,MrBeast,32644282.497941792,-0.6764081337781003,2,0.08537397109041489,0.8818358960009332,4,1,1,0,0,1,0.6552179465967457
2455740283,MrBeast,32622496.008669984,-0.6764081337781003,2,0.08736837770470753,0.6501908777460328,1,2,0,1,0,0,0.21877808474113264
2455740283,MrBeast,32625660.340667665,-0.6764081337781003,1,0.04103642632492021,0.8644790801095485,3,0,0,1,0,0,0.17489430215175295
2455740283,MrBeast,32683980.87213268,-0.6764081337781003,4,0.07283963135238909,0.927116347165757,2,0,1,0,0,1,0.6402094035798918
2455740283,MrBeast,32670635.831223983,-0.6764081337781003,7,0.030763757443621552,0.6248433679102261,4,0,1,1,0,0,0.5051077295654959
2455740283,MrBeast,32659549.6057713,-0.6764081337781003,2,0.11418346543181193,0.7347602008494821,2,2,1,1,0,0,0.5112645558524263
2455740283,MrBeast,32600163.171878602,-0.6764081337781003,1,0.1293718366653524,0.6062069607610541,3,0,0,0,1,0,0.1394804870842146
2455740283,MrBeast,32722338.548185177,-0.6764081337781003,2,0.04711796693061274,0.9054012214786077,0,1,0,0,1,0,0.30521214337278685
2455740283,MrBeast,32736482.400314737,-0.6764081337781003,9,0.12462879968437682,0.750539539352381,0,0,0,0,1,0,0.6062482906674321
2455740283,MrBeast,32594040.322646968,-0.6764081337781003,6,0.021933743696350802,0.8534681303660892,3,1,0,0,0,1,0.5293676086981578
2455740283,MrBeast,32628267.639949903,-0.6764081337781003,7,0.0470719012731039,0.5951112517085665,2,0,1,1,0,0,0.4783997975466413
2455740283,MrBeast,32654246.18024027,-0.6764081337781003,2,0.148035798348806,0.6343376770711009,1,2,0,1,0,0,0.28256031140785376
2455740283,MrBeast,32739254.466045756,-0.6764081337781003,4,0.13558364965398628,0.6296422282079304,0,2,0,1,0,0,0.3115321259870128
2455740283,MrBeast,32665805.793597564,-0.6764081337781003,6,0.10565146900586637,0.9982607918170494,4,0,0,0,0,1,0.768413125892421
2455740283,MrBeast,32628794.187504165,-0.6764081337781003,5,0.13760096245385137,0.9127118757263275,4,0,1,0,1,0,0.8155045378592806
2455740283,MrBeast,32668975.721768707,-0.6764081337781003,4,0.12638262410065948,0.9134545535287759,1,2,0,0,0,1,0.5814963048959739
2455740283,MrBeast,32613051.54233874,-0.6764081337781003,7,0.03443992556433019,0.9150855180706516,0,1,1,0,0,1,0.7693110625150597
2455740283,MrBeast,32674433.33451324,-0.6764081337781003,9,0.10055165779268241,0.9918425949659571,1,1,1,0,0,1,1.051482321428615
2455740283,MrBeast,32612059.05732257,-0.6764081337781003,4,0.10555565089744971,0.9703692443138754,0,1,1,0,1,0,0.7418453177442642
2455740283,MrBeast,32633039.901524488,-0.6764081337781003,1,0.08350830129413567,0.6341099697661496,2,1,0,0,0,1,0.10236823922209323
2455740283,MrBeast,32668318.698196873,-0.6764081337781003,3,0.06510648406492847,0.8092052189563288,4,0,0,0,0,1,0.33251696871091097
2455740283,MrBeast,32640592.86288087,-0.6764081337781003,9,0.05442413325511721,0.7446689880183069,3,2,0,0,1,0,0.631229780630691
2455740283,MrBeast,32687270.855239816,-0.6764081337781003,1,0.052361652009459594,0.504598333789431,4,1,1,0,1,0,0.18353022107950184
2455740283,MrBeast,32664443.113953616,-0.6764081337781003,9,0.025245038563111305,0.8688112899798771,2,2,1,0,0,1,0.7916355179378693
2455740283,MrBeast,32635272.440696444,-0.6764081337781003,1,0.0990644342941314,0.7317535902750936,0,1,0,0,1,0,0.2740683789774153
2455740283,MrBeast,32659638.91951695,-0.6764081337781003,4,0.07001073540518901,0.717601217412903,3,2,0,0,0,1,0.338816398432294
2455740283,MrBeast,32645177.11255075,-0.6764081337781003,7,0.10181368530455999,0.5694511611320121,2,2,0,0,1,0,0.49347104685084026
2455740283,MrBeast,32631302.679204144,-0.6764081337781003,6,0.12513248932977888,0.7447825504617767,3,0,0,1,0,0,0.555819807907491
2455740283,MrBeast,32665393.423417248,-0.6764081337781003,4,0.06733597916699649,0.8993300099151907,0,2,0,0,1,0,0.46357983826838917
2455740283,MrBeast,32723054.715835214,-0.6764081337781003,1,0.05793253731927673,0.6802687280387554,2,1,0,0,1,0,0.06036104681328695
2455740283,MrBeast,32681701.417889506,-0.6764081337781003,6,0.07426243572717815,0.8139663473560889,2,1,0,0,0,1,0.5343626903553695
2455740283,MrBeast,32684095.44797041,-0.6764081337781003,3,0.03436954862624096,0.5901916506051257,2,2,1,0,0,1,0.3323737679538132
2455740283,MrBeast,32611790.91364037,-0.6764081337781003,1,0.10257553060108839,0.9252276380037999,1,1,1,0,1,0,0.6502213923886819
2455740283,MrBeast,32615042.253155243,-0.6764081337781003,7,0.0997854081219127,0.5643024303096387,0,2,0,0,0,1,0.42273209027301983
44196397,elonmusk,220254691.16394892,0.1064898827898723,1,0.13042151074475747,0.8283205778464691,3,0,1,0,0,1,1.2760802457031293
44196397,elonmusk,220105449.05201697,0.1064898827898723,5,0.14353730517831315,0.5686267024442162,2,0,0,1,0,0,1.108131656523168
44196397,elonmusk,220314043.42742583,0.1064898827898723,7,0.10945865362148054,0.6649921440401699,0,2,0,0,1,0,1.3077723986045555
44196397,elonmusk,220172915.43395942,0.1064898827898723,8,0.1479829428754703,0.5822459176148658,2,0,1,0,0,1,1.4302580048323137
44196397,elonmusk,220010933.51377088,0.1064898827898723,1,0.12254640655085304,0.9322443229830673,0,0,0,0,0,1,1.1764157654229126
44196397,elonmusk,220442494.62989843,0.1064898827898723,5,0.0718916571647503,0.5818957938448692,4,1,0,1,0,0,1.0886791242534761
44196397,elonmusk,220242041.12346283,0.1064898827898723,3,0.06592545631970857,0.5166376304570569,3,0,0,1,0,0,0.8391032782385464
44196397,elonmusk,219977810.39241415,0.1064898827898723,9,0.06872943958806352,0.6579517082981,4,2,0,1,0,0,1.3331249371160134
44196397,elonmusk,220298466.7636985,0.1064898827898723,2,0.06624290116102087,0.758840310887705,0,2,1,0,1,0,1.2210764602521103
44196397,elonmusk,220167658.75888342,0.1064898827898723,3,0.040099135720744736,0.7208725954829529,3,1,1,1,0,0,1.1525493600060264
44196397,elonmusk,220030608.75135863,0.1064898827898723,6,0.0794078949101738,0.6333139672139801,0,1,1,0,1,0,1.3068922960044924
44196397,elonmusk,220261916.97374707,0.1064898827898723,1,0.13934809302120232,0.9668272319174822,4,0,0,0,0,1,1.2964433670140108
44196397,elonmusk,220357698.20688868,0.1064898827898723,9,0.08065375598382575,0.5095169836110964,1,0,0,0,1,0,1.250389012050245
44196397,elonmusk,220466811.47631493,0.1064898827898723,9,0.07495509259534021,0.8916845930990378,4,2,0,1,0,0,1.6118641971342604
44196397,elonmusk,219877927.1110949,0.1064898827898723,2,0.06546490341129166,0.9580746840428975,4,0,0,1,0,0,1.0946721874992
44196397,elonmusk,220400236.9688124,0.1064898827898723,7,0.10339412611758386,0.5734608883380554,1,2,1,0,0,1,1.3920796079583835
44196397,elonmusk,220329355.9295287,0.1064898827898723,2,0.1483184440086818,0.6296423964944946,0,0,1,0,0,1,1.165416694232934
44196397,elonmusk,220244972.8998375,0.1064898827898723,5,0.12281507607762836,0.5707648318242438,0,1,0,1,0,0,1.076180907498342
44196397,elonmusk,220236377.63982812,0.1064898827898723,5,0.06040980443829913,0.5058769187528043,1,2,1,0,0,1,1.2087852591493407
44196397,elonmusk,220248480.62824917,0.1064898827898723,9,0.07569444081550279,0.9905048564760086,4,1,0,1,0,0,1.6930095053659024
44196397,elonmusk,220288402.8227575,0.1064898827898723,6,0.07903595155311575,0.8489040887419828,0,0,0,0,0,1,1.260236661061133
44196397,elonmusk,219778416.39647308,0.1064898827898723,7,0.13146380397972032,0.6811854166293494,3,2,1,0,0,1,1.5392720512150222
44196397,elonmusk,220258548.9620502,0.1064898827898723,2,0.05235921154964843,0.676401540779551,3,0,0,0,0,1,0.9255422464009462
44196397,elonmusk,220054802.4942282,0.1064898827898723,4,0.030218821993101358,0.6959916227343037,4,2,0,0,1,0,1.1036111924035228
44196397,elonmusk,220344231.45060766,0.1064898827898723,5,0.017292250098868162,0.7441376915817991,0,0,0,0,1,0,0.9828271152825615
44196397,elonmusk,220173972.23317096,0.1064898827898723,9,0.05786306646633963,0.9289727306044847,1,1,0,0,1,0,1.403191948651039
44196397,elonmusk,219773805.33638182,0.1064898827898723,1,0.13361578135545746,0.668121505369261,3,2,0,0,1,0,1.139344053115407
44196397,elonmusk,220485851.63062316,0.1064898827898723,5,0.0518623938298784,0.8890659406968968,4,1,0,0,0,1,1.2667032414749981
44196397,elonmusk,220049870.6574591,0.1064898827898723,2,0.1071130599631188,0.8729813260138017,4,2,0,0,1,0,1.1503439039940055
44196397,elonmusk,220062921.87927178,0.1064898827898723,5,0.033462195046393424,0.716016882555604,1,2,0,0,1,0,1.0951899477847136
44196397,elonmusk,220228780.53045145,0.1064898827898723,5,0.016463273948533974,0.8388102309979527,1,1,0,1,0,0,1.1540286648995308
44196397,elonmusk,220353031.210146,0.1064898827898723,2,0.07760203477031816,0.7905665258891064,4,0,0,0,1,0,1.0282226397664553
44196397,elonmusk,220178547.41753912,0.1064898827898723,5,0.11455362907146358,0.5902472858794792,0,1,1,0,1,0,1.2605321587899136
44196397,elonmusk,219920872.97145313,0.1064898827898723,3,0.03801015162722604,0.6779158436743737,1,1,1,1,0,0,1.203300852934771
44196397,elonmusk,220037900.8936928,0.1064898827898723,5,0.012900488664448697,0.747974087539877,4,1,0,0,0,1,1.0467970687514054
44196397,elonmusk,220364705.7775074,0.1064898827898723,8,0.032603310694075134,0.9957080763669462,0,2,0,0,0,1,1.4793742013743405
44196397,elonmusk,219888117.6267955,0.1064898827898723,6,0.1440426603894269,0.6408287567221623,0,1,0,0,0,1,1.1968721860449532
44196397,elonmusk,220223255.90585262,0.1064898827898723,9,0.06811142007533971,0.5169310427627827,0,1,0,0,0,1,1.1923557122964867
44196397,elonmusk,220268397.73122203,0.1064898827898723,9,0.10242555750147316,0.5720981785707636,4,1,1,1,0,0,1.4435711332851977
44196397,elonmusk,220215067.55884692,0.1064898827898723,5,0.03224482588106019,0.5495975678832908,4,0,1,0,1,0,1.200456105245725
44196397,elonmusk,219967101.18732145,0.1064898827898723,6,0.09285669790909382,0.8043415953814503,3,1,0,0,1,0,1.3521664408592378
44196397,elonmusk,220560972.6539095,0.1064898827898723,7,0.14256427716039496,0.7604178841492198,1,2,0,0,1,0,1.4725837658599532
44196397,elonmusk,219826042.3088704,0.1064898827898723,1,0.14911009091222124,0.9314576262325085,2,2,1,0,0,1,1.4977650210495637
44196397,elonmusk,220038621.07416078,0.1064898827898723,8,0.10790156707013168,0.5124919533664531,0,0,0,0,1,0,1.1920720770558282
44196397,elonmusk,220152533.3811375,0.1064898827898723,7,0.028406469894203,0.7369567659351428,3,0,1,1,0,0,1.3820258151163909
44196397,elonmusk,220394061.76505995,0.1064898827898723,4,0.042732654330217085,0.7574460312207871,3,2,0,0,0,1,1.053802327323678
44196397,elonmusk,220326993.90155464,0.1064898827898723,6,0.1454276400175661,0.9191150171135765,0,2,1,0,0,1,1.587291686646279
44196397,elonmusk,220222692.5338119,0.1064898827898723,7,0.014878503721295126,0.8169746606541504,1,2,0,1,0,0,1.2021627735762772
44196397,elonmusk,220392348.78537965,0.1064898827898723,5,0.145237483029475,0.6972443246872924,1,0,0,0,0,1,1.2441296165248132
44196397,elonmusk,220174626.2036516,0.1064898827898723,9,0.09922746329905499,0.5706429003866279,2,0,0,0,1,0,1.2248988447626368
44196397,elonmusk,220213889.52572298,0.1064898827898723,9,0.05729318264080183,0.676271161903089,3,2,0,1,0,0,1.3144449012844692
44196397,elonmusk,220377998.71071166,0.1064898827898723,9,0.0759469916784763,0.7248596358065105,1,1,0,0,1,0,1.3588844267269808
44196397,elonmusk,220192432.809152,0.1064898827898723,1,0.08423448848016818,0.9247741061281087,3,0,0,0,1,0,1.2226346048797885
44196397,elonmusk,220186689.48766303,0.1064898827898723,9,0.09403315135897898,0.751214692185241,4,1,0,1,0,0,1.414258784823859
44196397,elonmusk,220142002.0099197,0.1064898827898723,4,0.12434625748106592,0.6944267554582783,0,0,0,0,0,1,1.114287405082847
44196397,elonmusk,220382899.52100632,0.1064898827898723,6,0.1079177054009345,0.6083221761710331,2,0,0,1,0,0,1.2764684697711237
44196397,elonmusk,220547722.23828673,0.1064898827898723,6,0.013343797748989701,0.6405140132144239,3,2,0,1,0,0,1.075961135634578
44196397,elonmusk,220243041.35322514,0.1064898827898723,9,0.0588912516389882,0.5188036799280393,1,0,0,0,0,1,1.1190837956523554
44196397,elonmusk,220416719.02533215,0.1064898827898723,5,0.05859626809631078,0.7413689011659922,0,2,0,1,0,0,1.0472729406676868
44196397,elonmusk,220358829.2941508,0.1064898827898723,9,0.09946933628975457,0.6503705019699901,1,0,1,0,1,0,1.5254001622897082
44196397,elonmusk,220354392.41321468,0.1064898827898723,5,0.09427722556116155,0.605823993853482,4,1,0,0,1,0,1.1579267647552283
44196397,elonmusk,220442140.39559433,0.1064898827898723,7,0.04377849358433588,0.8928728370385918,1,0,0,1,0,0,1.3010289252317015
44196397,elonmusk,220406613.08447608,0.1064898827898723,5,0.020655960650308527,0.79646753799718,4,0,0,0,1,0,1.19403189860832
44196397,elonmusk,220296250.2112893,0.1064898827898723,5,0.0358254697569564,0.7632778142933928,3,2,0,1,0,0,1.1291849492574704
44196397,elonmusk,220025331.94276756,0.1064898827898723,8,0.06456494847083633,0.5178962769480128,0,0,0,1,0,0,1.1330732094104738
44196397,elonmusk,220263389.13757977,0.1064898827898723,8,0.06339144087698663,0.8841473602609595,4,0,0,0,1,0,1.4486287039630072
44196397,elonmusk,219833061.6573465,0.1064898827898723,1,0.015489728908249182,0.7095013232682378,1,0,0,0,0,1,0.7550686936779198
44196397,elonmusk,220172555.82772708,0.1064898827898723,8,0.04746774581616421,0.6954359310709022,2,2,0,1,0,0,1.2506760887994943
44196397,elonmusk,220343933.2691091,0.1064898827898723,6,0.09450713416538378,0.714757419996155,4,2,0,0,1,0,1.2670501297353058
44196397,elonmusk,220092761.3588839,0.1064898827898723,2,0.03029294674886681,0.5845406948025114,2,1,0,0,1,0,0.8237955127214812
44196397,elonmusk,220025743.57368013,0.1064898827898723,5,0.14738146751848555,0.7315291896656719,1,0,0,0,0,1,1.2352226006417164
44196397,elonmusk,220166076.95898354,0.1064898827898723,5,0.10458904860150947,0.6431102220456772,4,0,0,0,0,1,1.2658729094045817
44196397,elonmusk,220208089.64378455,0.1064898827898723,2,0.14631223931591303,0.5399523294226856,1,2,0,0,0,1,1.0160923643014133
44196397,elonmusk,220459731.62608308,0.1064898827898723,1,0.09635271734180047,0.5670348644817371,3,0,0,0,1,0,0.9092324609931015
44196397,elonmusk,220155365.0954953,0.1064898827898723,9,0.08086200847103485,0.6794071267975684,1,1,0,0,1,0,1.361418880469136
44196397,elonmusk,220555404.20732915,0.1064898827898723,1,0.08967588402500108,0.5362219642439986,2,1,1,0,0,1,1.0217031821279716
44196397,elonmusk,220020195.1417701,0.1064898827898723,6,0.1094061753424094,0.6394166462620132,4,1,0,1,0,0,1.1167147605571792
44196397,elonmusk,220483988.5373921,0.1064898827898723,5,0.11280329440124451,0.7612239832488008,3,0,1,0,1,0,1.44007141685672
44196397,elonmusk,220223113.65100121,0.1064898827898723,8,0.07451640679789284,0.6756460313251935,0,2,0,0,1,0,1.313430751811791
44196397,elonmusk,220378612.4432497,0.1064898827898723,4,0.022025548256938803,0.5790797386463724,4,1,0,0,1,0,0.9345930590261213
44196397,elonmusk,220141767.62145227,0.1064898827898723,6,0.11546151396287216,0.8416483436902286,3,1,0,1,0,0,1.3779101036782286
44196397,elonmusk,220511858.95008957,0.1064898827898723,1,0.1403617390806154,0.8790202555612916,4,1,1,1,0,0,1.4414726132741649
44196397,elonmusk,220173695.8632199,0.1064898827898723,9,0.1338457720651329,0.8347246708519322,4,1,0,0,0,1,1.5664955804796066
44196397,elonmusk,220264290.16052973,0.1064898827898723,5,0.14737662015466116,0.5694137443394074,4,1,0,0,1,0,1.2285580448288251
44196397,elonmusk,220155224.32466975,0.1064898827898723,3,0.08692962058408109,0.6410931042234569,3,0,0,0,1,0,0.9247014017258315
44196397,elonmusk,220120387.76887456,0.1064898827898723,2,0.07311260196268737,0.5158215828368184,1,0,0,1,0,0,0.7723194609129875
44196397,elonmusk,220156189.24951667,0.1064898827898723,1,0.14546232218536564,0.5474879985577121,3,2,1,1,0,0,1.1823196975501378
44196397,elonmusk,220121325.3165594,0.1064898827898723,8,0.14241797474456497,0.6688889265974001,0,0,1,0,0,1,1.591846945984883
44196397,elonmusk,220441084.63058352,0.1064898827898723,5,0.11868588870156445,0.7476919661209531,2,0,0,0,0,1,1.2262964968297698
44196397,elonmusk,219920385.9189682,0.1064898827898723,7,0.13016616919069543,0.7491109388838151,4,0,0,0,1,0,1.3969925121892337
44196397,elonmusk,220138026.93725023,0.1064898827898723,8,0.051655489856925745,0.9460807038897647,4,2,0,0,1,0,1.5523525639128755
44196397,elonmusk,220296392.15532324,0.1064898827898723,2,0.05000466755785901,0.5973301675323068,0,1,1,1,0,0,0.9689348240949593
44196397,elonmusk,220111822.86803842,0.1064898827898723,6,0.04864891690831401,0.6350177022932673,3,0,0,0,1,0,1.0192907414367716
44196397,elonmusk,220477769.35634613,0.1064898827898723,7,0.1306415304629021,0.8398862523597248,0,0,0,1,0,0,1.368295954838561
44196397,elonmusk,220377686.1719948,0.1064898827898723,4,0.04299799340257583,0.7002385814715744,2,1,1,0,1,0,1.310423344565767
44196397,elonmusk,219916883.83989185,0.1064898827898723,7,0.03898369212477468,0.5824892499026388,2,2,0,0,0,1,1.1595715613229216
44196397,elonmusk,220015289.73261788,0.1064898827898723,6,0.10447188428612623,0.8868012113732602,0,0,0,0,1,0,1.3076098287761435
44196397,elonmusk,220672139.5251131,0.1064898827898723,5,0.09160389530108055,0.8069682519727922,2,1,0,1,0,0,1.2238001679087689
44196397,elonmusk,220277810.84729955,0.1064898827898723,7,0.13778706114966235,0.6739599695625166,1,2,1,0,0,1,1.5275776335235014
44196397,elonmusk,219713114.26579192,0.1064898827898723,5,0.08389520700768732,0.9114431781286461,1,0,1,0,0,1,1.4723224430685822
236699098,KylieJenner,39494637.74023965,-0.4358287655396924,5,0.05271277094214849,0.7722621992316259,3,1,0,1,0,0,0.7376500720807191
236699098,KylieJenner,39508274.247229405,-0.4358287655396924,3,0.03291912352830296,0.820995792593963,4,1,0,0,1,0,0.5879849629353984
236699098,KylieJenner,39444801.57385224,-0.4358287655396924,8,0.0647481322967572,0.9892030701951164,0,1,0,1,0,0,0.9061454023440231
236699098,KylieJenner,39429132.48120513,-0.4358287655396924,2,0.057873998244925645,0.7533202658111289,4,1,0,0,0,1,0.5568137709176345
236699098,KylieJenner,39488143.25466115,-0.4358287655396924,3,0.01781407536697817,0.5148307132326562,2,2,0,1,0,0,0.23026561371993
236699098,KylieJenner,39453928.471828215,-0.4358287655396924,8,0.04507746742303589,0.583503697433691,1,0,0,0,0,1,0.5550203800683362
236699098,KylieJenner,39476379.58374393,-0.4358287655396924,3,0.07502059660505139,0.5092199461248139,3,0,0,0,0,1,0.38350031241961946
236699098,KylieJenner,39405675.972000584,-0.4358287655396924,8,0.1411259929148819,0.7997947370335015,3,1,1,1,0,0,1.1283130528839496
236699098,KylieJenner,39445419.11701095,-0.4358287655396924,7,0.08566538495792524,0.9500321638274729,2,2,0,0,0,1,0.9583522984931471
236699098,KylieJenner,39397287.4280777,-0.4358287655396924,7,0.08177576999081618,0.5553405138470893,2,2,0,1,0,0,0.6000970830060044
236699098,KylieJenner,39448432.41023992,-0.4358287655396924,1,0.051680196912591306,0.8384133038723518,1,0,0,1,0,0,0.424983139857442
236699098,KylieJenner,39402014.72985276,-0.4358287655396924,1,0.12229110033249559,0.5957406515530117,1,0,0,0,1,0,0.3776361793638304
236699098,KylieJenner,39457390.397416,-0.4358287655396924,2,0.10565549354080278,0.5180332220538149,0,1,0,0,0,1,0.3553860352374024
236699098,KylieJenner,39508792.432113014,-0.4358287655396924,8,0.12417139023149337,0.5096810993665457,0,1,0,1,0,0,0.7212460479074299
236699098,KylieJenner,39463423.12403852,-0.4358287655396924,6,0.020144258214068594,0.7677473603473735,4,2,1,0,0,1,0.8119093051043257
236699098,KylieJenner,39480873.85008585,-0.4358287655396924,2,0.1356526922656275,0.5332600010569987,3,0,1,0,1,0,0.7134205339551745
236699098,KylieJenner,39471151.03869028,-0.4358287655396924,1,0.017976660410853648,0.8567344352883972,1,1,1,0,1,0,0.6075565193226752
236699098,KylieJenner,39457351.672216885,-0.4358287655396924,2,0.11877660053812379,0.5016938000595961,3,2,0,0,1,0,0.42261174086318404
236699098,KylieJenner,39478156.27304193,-0.4358287655396924,7,0.012806854613716301,0.6022554058268335,1,2,1,0,1,0,0.6490707720267659
236699098,KylieJenner,39423279.187616676,-0.4358287655396924,5,0.07664296976818277,0.6037955852035107,2,1,1,0,0,1,0.65804513711393
236699098,KylieJenner,39411804.63598509,-0.4358287655396924,2,0.1039554752219175,0.9958729346262767,4,1,0,0,1,0,0.7267708569962167
236699098,KylieJenner,39408656.12344721,-0.4358287655396924,7,0.0536991128301082,0.7656327401246191,4,0,0,0,0,1,0.6300472963667428
236699098,KylieJenner,39446081.5053262,-0.4358287655396924,2,0.019399617809011446,0.5558477734896844,2,2,0,1,0,0,0.21201657700772558
236699098,KylieJenner,39457131.953352846,-0.4358287655396924,1,0.09000752235471912,0.6478782592424249,1,0,0,0,1,0,0.31275771982280953
236699098,KylieJenner,39396982.22470691,-0.4358287655396924,9,0.09992839914132318,0.9509615873273329,4,1,0,0,0,1,1.1631029229856886
236699098,KylieJenner,39507108.90607137,-0.4358287655396924,2,0.02391329285879259,0.9498216074070637,2,2,1,1,0,0,0.8947089201402441
236699098,KylieJenner,39528773.682498425,-0.4358287655396924,6,0.1363561237946313,0.5740663044189656,0,0,0,1,0,0,0.6081049809189595
236699098,KylieJenner,39423965.236951046,-0.4358287655396924,3,0.11361141406485248,0.9007771291898072,4,1,0,1,0,0,0.7344738377041572
236699098,KylieJenner,39427931.983869806,-0.4358287655396924,6,0.08160397806058012,0.7620285046406602,0,0,0,1,0,0,0.6734433779543744
236699098,KylieJenner,39415779.18356303,-0.4358287655396924,8,0.10479293700382504,0.6616336987243205,0,0,0,0,1,0,0.695604478810141
236699098,KylieJenner,39467682.585198194,-0.4358287655396924,8,0.013689324840116843,0.9351713582636644,2,2,0,0,1,0,0.9032975672060908
236699098,KylieJenner,39486285.34143511,-0.4358287655396924,3,0.02932600614652322,0.6897415171600004,2,0,1,0,0,1,0.6202961156885484
236699098,KylieJenner,39487065.00242343,-0.4358287655396924,1,0.07160992283215757,0.9125181745201463,0,1,0,0,1,0,0.6719633932861764
236699098,KylieJenner,39487147.301063515,-0.4358287655396924,2,0.05195190581753198,0.8696788910520933,0,1,0,0,0,1,0.5829707594315553
236699098,KylieJenner,39416160.16365116,-0.4358287655396924,8,0.07750300450478431,0.7957189240381484,2,1,1,0,1,0,1.015906551718363
236699098,KylieJenner,39481024.936203316,-0.4358287655396924,5,0.0914329333900136,0.511310852097145,3,2,0,1,0,0,0.5948085030683934
236699098,KylieJenner,39504167.960757755,-0.4358287655396924,4,0.07666728291941652,0.8912167825359523,2,0,0,0,0,1,0.762726576625555
236699098,KylieJenner,39466815.79775214,-0.4358287655396924,1,0.11558992569061115,0.7183842443358694,3,1,1,1,0,0,0.7009216661780973
236699098,KylieJenner,39454673.483185574,-0.4358287655396924,2,0.04591085429347374,0.7513272445922721,4,0,0,1,0,0,0.4281502324880867
236699098,KylieJenner,39384387.48123825,-0.4358287655396924,1,0.11339276700289574,0.8374229373121364,3,1,0,0,0,1,0.5689724831476702
236699098,KylieJenner,39371885.89278731,-0.4358287655396924,6,0.10784388301036094,0.9961050438494328,2,0,0,0,0,1,0.9442570993862486
236699098,KylieJenner,39455679.420664154,-0.4358287655396924,8,0.076657770694824,0.7341176460113938,0,2,1,0,1,0,1.0817827115460295
236699098,KylieJenner,39484471.01818157,-0.4358287655396924,3,0.08813247473234333,0.5549067081628212,1,2,1,0,1,0,0.6700163504390984
236699098,KylieJenner,39414261.44614732,-0.4358287655396924,5,0.09844962693774012,0.521719205663841,1,2,1,0,1,0,0.7325103663781916
236699098,KylieJenner,39414790.202874824,-0.4358287655396924,7,0.13851131141652,0.6163067832871532,3,0,0,0,1,0,0.7922835789079823
236699098,KylieJenner,39523166.45447059,-0.4358287655396924,1,0.028482506399922877,0.7112499361924425,0,1,0,1,0,0,0.3516671599769444
236699098,KylieJenner,39422006.11272294,-0.4358287655396924,9,0.04458317119058114,0.5767338401530507,2,0,0,0,1,0,0.6372955454494099
236699098,KylieJenner,39405470.72760559,-0.4358287655396924,5,0.04279913653440665,0.5013301157622757,0,1,0,1,0,0,0.4087268769738817
236699098,KylieJenner,39382734.00933125,-0.4358287655396924,5,0.1309417458892681,0.597349726724637,2,2,0,0,1,0,0.6922355135476805
236699098,KylieJenner,39462326.1450226,-0.4358287655396924,7,0.05508433421299376,0.6616686692020695,4,1,1,0,1,0,0.8609382716869325
236699098,KylieJenner,39485088.58464929,-0.4358287655396924,2,0.12125180320987293,0.8901580670655274,1,1,0,1,0,0,0.7054495426095941
236699098,KylieJenner,39433276.6871915,-0.4358287655396924,9,0.11183420319906519,0.9070395974354559,4,1,0,0,0,1,1.060874917679893
236699098,KylieJenner,39418028.18149396,-0.4358287655396924,2,0.052314554618762846,0.6383528009474877,3,2,0,1,0,0,0.35191120592079456
236699098,KylieJenner,39419657.21982585,-0.4358287655396924,4,0.023987667479002814,0.9219968279342814,3,0,0,1,0,0,0.614462137282829
236699098,KylieJenner,39432720.77152043,-0.4358287655396924,6,0.04872737075091997,0.9508787084128623,0,2,1,1,0,0,0.9904372726353415
236699098,KylieJenner,39438176.71564753,-0.4358287655396924,8,0.12131840750308395,0.7501911218889967,4,2,1,1,0,0,1.1132447896346642
236699098,KylieJenner,39411831.83351195,-0.4358287655396924,2,0.08724181676515548,0.5999515969405447,0,2,0,1,0,0,0.4137273512524485
236699098,KylieJenner,39468638.614018664,-0.4358287655396924,9,0.09903761064639735,0.954311561088607,4,1,0,0,1,0,1.15901792157081
236699098,KylieJenner,39443538.77675435,-0.4358287655396924,7,0.14101193725519912,0.9113103839739136,4,2,0,0,0,1,1.066443392487711
236699098,KylieJenner,39475188.132309,-0.4358287655396924,5,0.02350556109851467,0.6653639245837066,1,2,0,0,1,0,0.5017699756511359
236699098,KylieJenner,39439955.70110002,-0.4358287655396924,3,0.10600982142763385,0.8434695847919702,2,1,1,1,0,0,0.8693033114826263
236699098,KylieJenner,39490952.27089011,-0.4358287655396924,6,0.07118779589409466,0.7436571110282741,1,2,0,0,0,1,0.709551486939638
236699098,KylieJenner,39428416.674619235,-0.4358287655396924,3,0.14682053660316566,0.9220601447701922,0,0,0,0,1,0,0.7534788397358382
236699098,KylieJenner,39472374.3851512,-0.4358287655396924,5,0.05912045047892926,0.9368189302903094,4,2,1,1,0,0,1.0189845369628785
236699098,KylieJenner,39472003.02076618,-0.4358287655396924,8,0.04118992045476943,0.7520593912591385,1,1,1,0,1,0,0.9239831423676012
236699098,KylieJenner,39425754.34849526,-0.4358287655396924,3,0.12031991037481449,0.6435085634356557,3,1,0,0,1,0,0.5938707489304376
236699098,KylieJenner,39439281.27842697,-0.4358287655396924,7,0.019710037356631294,0.5589406168403581,0,0,0,1,0,0,0.4701148086892221
236699098,KylieJenner,39492602.32083275,-0.4358287655396924,9,0.08708893748129046,0.9173767114720427,1,2,0,0,1,0,1.0315225762261315
236699098,KylieJenner,39382468.296015486,-0.4358287655396924,5,0.08135797567593524,0.5590542314223352,4,0,0,0,1,0,0.5338076183335507
236699098,KylieJenner,39460626.13010362,-0.4358287655396924,7,0.09199236151953445,0.8500794602913937,4,1,1,0,1,0,1.1222575165444957
236699098,KylieJenner,39414309.31910884,-0.4358287655396924,9,0.11692410478116436,0.9093139645948964,2,0,1,0,0,1,1.137200755131351
236699098,KylieJenner,39397352.40931701,-0.4358287655396924,3,0.13083990929423797,0.602781310826842,4,2,1,1,0,0,0.8722980023432344
236699098,KylieJenner,39373743.00850636,-0.4358287655396924,6,0.02227681905497749,0.83251299477512,0,1,0,0,0,1,0.6954829800014121
236699098,KylieJenner,39442130.45902313,-0.4358287655396924,8,0.0131732267704363,0.6741760532029476,3,1,0,1,0,0,0.536542686045216
236699098,KylieJenner,39451505.976464234,-0.4358287655396924,6,0.0536364383673069,0.7454596029172589,3,1,0,0,0,1,0.663374590658906
236699098,KylieJenner,39475186.287868634,-0.4358287655396924,8,0.11187861411444337,0.973892836123071,0,1,0,0,1,0,1.0240781080202856
236699098,KylieJenner,39526689.59952968,-0.4358287655396924,6,0.07973408271527177,0.5543883606546582,4,1,0,0,0,1,0.5606592827008867
236699098,KylieJenner,39441759.5501427,-0.4358287655396924,4,0.08071437085437387,0.6626421592281824,3,0,1,1,0,0,0.7186608896173304
236699098,KylieJenner,39421300.52260603,-0.4358287655396924,4,0.018937650363741586,0.9144015273620774,3,1,0,0,0,1,0.5955529255742582
236699098,KylieJenner,39416751.97274123,-0.4358287655396924,2,0.0705682504247436,0.8776146113414909,1,2,0,1,0,0,0.4826543917971432
236699098,KylieJenner,39507725.06899536,-0.4358287655396924,8,0.08422918141206288,0.9035658832399212,1,0,0,0,1,0,1.0033923737163422
236699098,KylieJenner,39418802.29661547,-0.4358287655396924,8,0.10553072317887113,0.736257164060544,0,1,1,0,1,0,1.0426998589625835
236699098,KylieJenner,39416652.52298961,-0.4358287655396924,6,0.11580529463194987,0.7887421295066371,1,2,1,0,0,1,0.9545719112756998
236699098,KylieJenner,39403542.08645512,-0.4358287655396924,5,0.11143379345341471,0.9183929406564871,4,2,0,1,0,0,0.8743738167109316
236699098,KylieJenner,39462203.637183525,-0.4358287655396924,3,0.06643303315956404,0.7327322130690814,0,2,0,0,1,0,0.4977169194799597
236699098,KylieJenner,39427096.18906393,-0.4358287655396924,5,0.05437276174098155,0.781756161992718,4,2,1,0,1,0,0.9403001100893943
236699098,KylieJenner,39420985.01874983,-0.4358287655396924,1,0.015447558840369711,0.6107577604206376,1,2,0,0,0,1,0.19892681431284467
236699098,KylieJenner,39385980.30366682,-0.4358287655396924,4,0.07487147599109562,0.7487257850902067,4,2,0,0,1,0,0.7037869637989014
236699098,KylieJenner,39413860.87635049,-0.4358287655396924,7,0.07481115587282658,0.5026080131790205,0,0,0,0,1,0,0.4917814930646117
236699098,KylieJenner,39417151.97389392,-0.4358287655396924,1,0.02903239646230682,0.8491644743716973,4,0,0,0,1,0,0.4252857691388379
236699098,KylieJenner,39435053.572978504,-0.4358287655396924,5,0.13542346922185353,0.6451932110234386,4,0,0,0,1,0,0.7357735843095495
236699098,KylieJenner,39443210.464841425,-0.4358287655396924,6,0.12755574201248174,0.846609650664562,4,1,0,0,1,0,0.8466201005233348
236699098,KylieJenner,39426621.36842889,-0.4358287655396924,2,0.1297056083426133,0.9995141074974807,0,0,1,1,0,0,0.9798277073458336
236699098,KylieJenner,39353552.50054196,-0.4358287655396924,8,0.09093556817336013,0.5135501017267228,2,2,0,1,0,0,0.7747951811792817
236699098,KylieJenner,39453249.90073994,-0.4358287655396924,7,0.04646219618006509,0.9686769044826492,2,1,0,0,0,1,0.8379304612383417
236699098,KylieJenner,39418176.48701408,-0.4358287655396924,2,0.09998714303245285,0.6330541676982973,2,1,0,0,1,0,0.4586663986510021
236699098,KylieJenner,39495110.420911275,-0.4358287655396924,5,0.10211489667865899,0.7724746462927872,2,1,0,0,0,1,0.6883149502120384
236699098,KylieJenner,39469962.32196976,-0.4358287655396924,5,0.09525949951106454,0.6930460983467008,2,2,0,0,1,0,0.6965290266640781
236699098,KylieJenner,39521466.58883862,-0.4358287655396924,8,0.07941479249517999,0.7219425474137906,3,2,0,0,1,0,0.8337433964405667
236699098,KylieJenner,39491305.5356815,-0.4358287655396924,9,0.06758572232074624,0.7534979820725987,3,2,0,0,0,1,0.8175725035010337
155659213,Cristiano,115399218.65200733,0.0029947773437666,2,0.11340323620016432,0.5020797236414628,1,2,1,0,1,0,1.072807461426765
155659213,Cristiano,115540572.881295,0.0029947773437666,1,0.0658940627196391,0.8615315280363132,4,2,0,1,0,0,0.9835837868583325
155659213,Cristiano,115374842.30626905,0.0029947773437666,2,0.04094817823768492,0.6508495546722906,3,1,0,0,0,1,0.8065966129471001
155659213,Cristiano,115480438.41931607,0.0029947773437666,6,0.14029495487207783,0.8892477191975465,4,0,1,0,1,0,1.5470057970842352
155659213,Cristiano,115503821.39348695,0.0029947773437666,9,0.07463332604130621,0.6123582142579884,1,2,1,1,0,0,1.3626955129414906
155659213,Cristiano,115542418.94628854,0.0029947773437666,9,0.03521548701060458,0.6383437308799136,1,2,0,0,1,0,1.1172867771002801
155659213,Cristiano,115251931.8548684,0.0029947773437666,8,0.10590652846374728,0.5751792528637591,0,0,0,0,0,1,1.1243501398783267
155659213,Cristiano,115500494.63321349,0.0029947773437666,4,0.05074757432008239,0.9557052316104286,2,1,0,1,0,0,1.2036359135759889
155659213,Cristiano,115433503.91014142,0.0029947773437666,2,0.07067306939186957,0.650097998095883,4,2,0,1,0,0,0.8186472697056381
155659213,Cristiano,115305179.91552313,0.0029947773437666,7,0.04221049549053601,0.9567236875765783,4,2,0,0,0,1,1.3177840039924822
155659213,Cristiano,115317125.07774723,0.0029947773437666,7,0.012612741603012094,0.8988250740564765,4,0,1,0,0,1,1.308397612020587
155659213,Cristiano,115435796.88554007,0.0029947773437666,4,0.0313958924257814,0.9014108823197939,4,0,0,0,0,1,1.1959587802320926
155659213,Cristiano,115337180.23616463,0.0029947773437666,3,0.0865093843672551,0.914423905531677,1,1,0,1,0,0,1.1006925879113547
155659213,Cristiano,115402579.32245398,0.0029947773437666,2,0.06598268790836123,0.830210731117665,0,0,0,0,1,0,0.8986191742318937
155659213,Cristiano,115480858.70865805,0.0029947773437666,5,0.031573440126575356,0.6302568617644099,0,1,0,0,0,1,0.937635656317112
155659213,Cristiano,115401530.84375429,0.0029947773437666,6,0.08697292617425365,0.8229113096341238,3,1,0,0,0,1,1.1511083635300428
155659213,Cristiano,115268237.10739392,0.0029947773437666,8,0.10903972167093101,0.871801195952119,3,0,1,0,0,1,1.529025987305762
155659213,Cristiano,115581118.42159986,0.0029947773437666,1,0.07931073703279551,0.8971630694432065,4,1,0,0,1,0,1.0607676355780185
155659213,Cristiano,115355280.69654766,0.0029947773437666,7,0.047370721344930436,0.85543312414747,3,2,1,0,1,0,1.4466801611807358
155659213,Cristiano,115310340.43469149,0.0029947773437666,2,0.05903673308395852,0.6827693408269034,0,0,0,0,1,0,0.8299992567183619
155659213,Cristiano,115248949.68684815,0.0029947773437666,7,0.035805756120352444,0.7082370782462832,4,1,1,1,0,0,1.3807618662832004
155659213,Cristiano,115450911.82806775,0.0029947773437666,4,0.13928394947908102,0.759311689730472,1,0,0,1,0,0,1.1965961869147768
155659213,Cristiano,115540268.92636645,0.0029947773437666,9,0.0689121249878274,0.7194255510173077,2,0,0,0,1,0,1.2459839945596278
155659213,Cristiano,115258639.9528739,0.0029947773437666,3,0.13992204036799824,0.6594215092026823,1,0,0,0,1,0,0.9993347297860297
155659213,Cristiano,115476403.22105825,0.0029947773437666,4,0.03704999181166967,0.546996126809755,3,0,1,0,0,1,0.9217885438528547
155659213,Cristiano,115604551.48091786,0.0029947773437666,2,0.12046346472002975,0.6340685597216722,1,0,0,0,1,0,0.9068305169150662
155659213,Cristiano,115296891.12531744,0.0029947773437666,6,0.11148070071340205,0.811722975331999,3,0,0,1,0,0,1.1969220656619024
155659213,Cristiano,115468138.14474164,0.0029947773437666,7,0.08012933696032372,0.7632350696835745,3,2,0,1,0,0,1.2324306174967734
155659213,Cristiano,115237201.15221988,0.0029947773437666,7,0.05403878141626347,0.6248464570870729,4,1,0,0,0,1,1.065131496384566
155659213,Cristiano,115416899.85220648,0.0029947773437666,8,0.014328208081142196,0.9270301128119148,0,2,1,1,0,0,1.4550348980276653
155659213,Cristiano,115463678.37203334,0.0029947773437666,2,0.09442547589456778,0.739622834621237,4,1,0,1,0,0,0.8894498814089383
155659213,Cristiano,115340448.60284196,0.0029947773437666,1,0.12779309053700447,0.9586076864725392,1,0,0,0,1,0,1.1450814959477802
155659213,Cristiano,115515313.85029995,0.0029947773437666,3,0.11766420817381333,0.6600978677885567,2,0,0,0,1,0,0.8975181342771866
155659213,Cristiano,115421350.07667026,0.0029947773437666,1,0.11065785392511647,0.5987692750322847,2,0,0,1,0,0,0.8211866592429193
155659213,Cristiano,115542651.02550617,0.0029947773437666,9,0.040411830448046866,0.9420424598085856,0,0,1,0,1,0,1.548122246038921
155659213,Cristiano,115335692.06255935,0.0029947773437666,2,0.05522666776435609,0.8041396964916403,1,1,0,0,0,1,0.9501789958326987
155659213,Cristiano,115314478.7349414,0.0029947773437666,5,0.07672442872555671,0.6043103161104727,1,2,0,0,0,1,1.009015660420766
155659213,Cristiano,115404460.2888683,0.0029947773437666,1,0.1279643875862086,0.5498925006326415,4,2,0,0,1,0,0.9260633053865591
155659213,Cristiano,115388225.07099289,0.0029947773437666,9,0.07449064746365583,0.5673358619610588,3,0,0,0,0,1,1.072331122606464
155659213,Cristiano,115395218.88206905,0.0029947773437666,4,0.14644297593816483,0.9299166152888407,4,1,1,1,0,0,1.5142269310130008
155659213,Cristiano,115377199.52878407,0.0029947773437666,7,0.11217377265447204,0.5397453428494525,3,0,1,0,1,0,1.302055522978324
155659213,Cristiano,115449126.65591198,0.0029947773437666,8,0.08050360332724577,0.7801729873026768,2,1,1,1,0,0,1.522542143609355
155659213,Cristiano,115497595.04660071,0.0029947773437666,6,0.07773467152604818,0.7030166968207634,4,2,0,1,0,0,1.0979040833035643
155659213,Cristiano,115323483.94641025,0.0029947773437666,5,0.13587295588922027,0.7948689592843436,1,1,0,1,0,0,1.2660738098104507
155659213,Cristiano,115549222.38464803,0.0029947773437666,4,0.030647087293626238,0.8162521907356973,0,0,1,1,0,0,1.15532523137086
155659213,Cristiano,115408652.28304975,0.0029947773437666,9,0.10670360259814417,0.6736202409530647,0,0,0,0,1,0,1.3220148996213927
155659213,Cristiano,115378751.80814399,0.0029947773437666,1,0.03794439905825257,0.5923958796085944,4,0,0,0,1,0,0.6753854110417882
155659213,Cristiano,115566567.12825468,0.0029947773437666,3,0.14431559161540505,0.9166945148502285,0,0,1,0,1,0,1.53346834120688
155659213,Cristiano,115191191.53835627,0.0029947773437666,5,0.10178028823816102,0.5062836072784235,1,2,0,1,0,0,0.9458759895094562
155659213,Cristiano,115257593.4371013,0.0029947773437666,1,0.13118377550068305,0.7039976209273949,0,0,0,1,0,0,0.9665398897088229
155659213,Cristiano,115412231.30179742,0.0029947773437666,6,0.06939813607425421,0.8305125995189075,1,0,0,0,1,0,1.1245364418976502
155659213,Cristiano,115519486.17965709,0.0029947773437666,5,0.030090080489388944,0.7986836067462119,3,2,0,0,0,1,1.0281028478930052
155659213,Cristiano,115259781.16348553,0.0029947773437666,2,0.07103383596395842,0.8320261582737667,3,2,1,0,1,0,1.2507344701111058
155659213,Cristiano,115354890.52798796,0.0029947773437666,5,0.08088656122904612,0.8452431587071363,1,2,1,0,1,0,1.3886837030625234
155659213,Cristiano,115229739.93514997,0.0029947773437666,6,0.08175446074746845,0.7396063115717642,2,2,0,0,1,0,1.1429439499164311
155659213,Cristiano,115498008.337492,0.0029947773437666,4,0.11712718503882866,0.9214014412723237,1,0,0,1,0,0,1.249193206275113
155659213,Cristiano,115482296.6230059,0.0029947773437666,9,0.07421208296091282,0.8813158856399762,2,2,0,0,0,1,1.5008248272017426
155659213,Cristiano,115371939.63660148,0.0029947773437666,1,0.051923219982809965,0.9555280032253368,4,1,0,1,0,0,0.946484501772712
155659213,Cristiano,115277672.24456127,0.0029947773437666,2,0.1031171634589251,0.8433191872418302,3,0,0,1,0,0,1.0128939899506022
155659213,Cristiano,115472955.47608991,0.0029947773437666,8,0.024759612163071633,0.6633799196346698,2,0,0,0,0,1,0.9804539946006621
155659213,Cristiano,115395957.81107445,0.0029947773437666,4,0.08749688019905748,0.7732806229630048,0,0,1,1,0,0,1.1965994181029924
155659213,Cristiano,115395640.12943445,0.0029947773437666,6,0.031182704198598796,0.8449092895588004,0,1,1,0,0,1,1.2521423401886176
155659213,Cristiano,115456327.37731391,0.0029947773437666,9,0.14094480741500112,0.6506457473598144,4,2,0,0,0,1,1.3891952776781096
155659213,Cristiano,115344413.34303376,0.0029947773437666,5,0.07902934409826183,0.9847991050791556,4,2,1,0,0,1,1.535030557045196
155659213,Cristiano,115548463.9192531,0.0029947773437666,6,0.05363718028902583,0.8027722431956852,3,0,0,1,0,0,1.1386206390853026
155659213,Cristiano,115376816.75936158,0.0029947773437666,1,0.048069880132665894,0.6912882607105353,4,0,0,0,1,0,0.7857351586266856
155659213,Cristiano,115445233.20366248,0.0029947773437666,7,0.08188897028085128,0.800727540205624,3,1,0,0,0,1,1.262644789895904
155659213,Cristiano,115646545.1506415,0.0029947773437666,9,0.13485597008858102,0.71251758984203,1,1,0,0,1,0,1.4025246375346039
155659213,Cristiano,115319044.087787,0.0029947773437666,8,0.08923945820799396,0.9968116973479383,1,1,0,0,0,1,1.4320948561672668
155659213,Cristiano,115177369.89276347,0.0029947773437666,8,0.1138412213140083,0.7896150999897915,1,1,0,1,0,0,1.3199401376266096
155659213,Cristiano,115343763.93248627,0.0029947773437666,6,0.027974533087488172,0.793841171466021,2,2,1,0,0,1,1.2963769025943852
155659213,Cristiano,115051248.94165722,0.0029947773437666,8,0.041453815932089154,0.8619464050560329,3,0,0,1,0,0,1.3014800267731887
155659213,Cristiano,115282730.21414365,0.0029947773437666,6,0.05279258023103361,0.7395362620499955,1,0,0,1,0,0,1.0119667457722017
155659213,Cristiano,115519075.41064136,0.0029947773437666,8,0.010299301300235146,0.9596873426971158,1,0,0,0,1,0,1.268823707810762
155659213,Cristiano,115314386.82449949,0.0029947773437666,9,0.147858494284904,0.6007092760418429,0,0,1,0,0,1,1.5136939629096275
155659213,Cristiano,115458049.87428926,0.0029947773437666,6,0.04126804141414007,0.9251585346737021,1,0,0,1,0,0,1.2127959632448952
155659213,Cristiano,115434826.04229246,0.0029947773437666,7,0.10722290122447145,0.9673109135320754,0,2,1,0,0,1,1.7183619092691864
155659213,Cristiano,115574131.58279,0.0029947773437666,7,0.08119343293188364,0.6543922304295973,1,2,1,1,0,0,1.407392543096074
155659213,Cristiano,115507288.93400803,0.0029947773437666,5,0.0653664013746414,0.7519274985551275,2,0,0,0,0,1,0.997757482798836
155659213,Cristiano,115545526.65025471,0.0029947773437666,1,0.13194243742152226,0.8565854448513865,4,2,0,0,0,1,1.120529464642965
155659213,Cristiano,115443906.89664422,0.0029947773437666,7,0.11157882426280136,0.7318140462176088,2,0,1,0,1,0,1.5178666681179118
155659213,Cristiano,115332052.81149542,0.0029947773437666,6,0.1039153456368199,0.7052454711418898,4,1,1,1,0,0,1.371692210526998
155659213,Cristiano,115400480.8458247,0.0029947773437666,5,0.07353904000115943,0.8476836899617217,2,1,0,0,0,1,1.1057332521383867
155659213,Cristiano,115344019.7753992,0.0029947773437666,4,0.08769986787042217,0.9016885095263196,2,0,1,0,0,1,1.4249048615114637
155659213,Cristiano,115354809.48274134,0.0029947773437666,2,0.12215804702743603,0.7209435756163546,3,0,0,0,1,0,0.9725968917762731
155659213,Cristiano,115388686.9647206,0.0029947773437666,6,0.03546570784306129,0.6164173256939338,4,1,0,0,1,0,1.0134330617965772
155659213,Cristiano,115415461.8273725,0.0029947773437666,7,0.12796521010039122,0.6783866807736012,1,1,0,0,0,1,1.3738455152907298
155659213,Cristiano,115332109.90535894,0.0029947773437666,4,0.0316931193621111,0.6653968185329608,2,0,0,0,1,0,0.8811469776342207
155659213,Cristiano,115461685.82379963,0.0029947773437666,8,0.10848543264666159,0.7167412539468874,3,0,0,0,1,0,1.2824925524778399
155659213,Cristiano,115352253.0548313,0.0029947773437666,6,0.08365017370832778,0.8028458505307843,1,2,0,0,1,0,1.306830068584515
155659213,Cristiano,115307231.92110206,0.0029947773437666,3,0.07788111651292581,0.86544077193846,3,2,0,1,0,0,0.9992505563402929
155659213,Cristiano,115388588.11671114,0.0029947773437666,8,0.1296973459825064,0.5395643434759065,4,1,0,0,1,0,1.1474515575326476
155659213,Cristiano,115519628.43266727,0.0029947773437666,3,0.013997992635757645,0.9909580808997075,2,1,1,0,0,1,1.3036562678655987
155659213,Cristiano,115260636.83494972,0.0029947773437666,9,0.08926919874523066,0.7378245134005947,2,2,0,0,1,0,1.361785724538079
155659213,Cristiano,115557791.18117084,0.0029947773437666,3,0.03775517730564751,0.6051631981330599,0,0,0,0,0,1,0.7999964658534503
155659213,Cristiano,115310522.27150275,0.0029947773437666,6,0.04136187234719551,0.5576806184929228,0,0,0,0,1,0,0.9074217051572042
155659213,Cristiano,115525110.14157574,0.0029947773437666,4,0.08693720415476902,0.9467958907627447,2,2,0,1,0,0,1.2311864245749948
155659213,Cristiano,115281295.11086482,0.0029947773437666,5,0.07686786762088368,0.8987748063269028,1,1,1,0,0,1,1.4155401714778328
155659213,Cristiano,115122640.79375646,0.0029947773437666,4,0.020384959125393905,0.8157972085680333,3,1,0,0,0,1,0.9497294622357345
155659213,Cristiano,115109424.22436008,0.0029947773437666,5,0.12534978078865713,0.9313247139643668,4,1,0,0,1,0,1.4255914358123736
813286,BarackObama,129963362.83592793,1.002752239184154,9,0.1224029446247539,0.9054136808737664,3,1,0,0,1,0,2.5161229792115423
813286,BarackObama,130085547.4790066,1.002752239184154,5,0.03127052383885758,0.7471213878704854,3,1,1,1,0,0,2.2054655955844535
813286,BarackObama,130173702.80042198,1.002752239184154,4,0.031440334615294475,0.581429592007888,0,1,0,1,0,0,1.8269919738233114
813286,BarackObama,130156147.68359952,1.002752239184154,6,0.021039210053909744,0.6402391570770647,2,1,1,0,1,0,2.1747062720510675
813286,BarackObama,130187482.80944563,1.002752239184154,2,0.049335783972767,0.7413218702674802,3,0,0,0,1,0,1.8920465212611455
813286,BarackObama,130310020.88676843,1.002752239184154,1,0.06947205459041045,0.6479107364834511,3,1,0,0,0,1,1.8270614995355101
813286,BarackObama,130128244.139855,1.002752239184154,6,0.07935954600221971,0.9204135606563425,0,2,1,1,0,0,2.453718253111811
813286,BarackObama,130122859.88748145,1.002752239184154,9,0.07576092282527104,0.9177457989513299,4,1,0,0,0,1,2.6202291579636157
813286,BarackObama,130238516.78325236,1.002752239184154,8,0.1374646570974011,0.5738688618940829,4,1,1,1,0,0,2.4799026301749376
813286,BarackObama,130025820.31073546,1.002752239184154,6,0.14479620495371015,0.9562815496096457,0,2,0,0,0,1,2.4735409986730654
813286,BarackObama,130077832.92398396,1.002752239184154,6,0.10792090649940798,0.6661669256332822,1,0,0,0,1,0,2.1231451504528978
813286,BarackObama,130253390.27830729,1.002752239184154,5,0.08982976466546978,0.9690109492832648,4,2,1,1,0,0,2.544595793840456
813286,BarackObama,130054636.41720538,1.002752239184154,3,0.07954862022979975,0.6259970694553278,2,0,0,1,0,0,1.9301914530873496
813286,BarackObama,130179348.19152257,1.002752239184154,5,0.027734069308673913,0.5828931866641844,2,1,0,0,0,1,1.842927290228648
813286,BarackObama,130513997.22627912,1.002752239184154,7,0.04317784613407091,0.8956837383573417,1,1,0,0,0,1,2.2692204137247862
813286,BarackObama,130409051.53448984,1.002752239184154,9,0.046402576982955385,0.7891430544478664,1,2,0,0,0,1,2.293850042324477
813286,BarackObama,130163028.3951619,1.002752239184154,2,0.09548826821297875,0.7473224485629131,3,1,1,0,1,0,2.2258819809432517
813286,BarackObama,130265607.75592616,1.002752239184154,6,0.028753131190769554,0.7807989404357976,4,0,0,0,0,1,2.030240120572045
813286,BarackObama,130390049.9501926,1.002752239184154,9,0.11893713628998477,0.9237491703937232,4,2,1,1,0,0,2.8257050723445203
813286,BarackObama,130106400.3612858,1.002752239184154,9,0.11338346002290074,0.9343587450059629,4,0,0,1,0,0,2.505898594025405
813286,BarackObama,130154146.10034122,1.002752239184154,4,0.11713995378468554,0.9295153223515003,4,1,1,0,1,0,2.458451943684956
813286,BarackObama,130119324.95259961,1.002752239184154,5,0.02398847433927647,0.5606073760662329,4,1,0,1,0,0,1.8811854301220718
813286,BarackObama,130354171.12151714,1.002752239184154,3,0.09704603772306754,0.8669049299708853,0,2,0,0,1,0,2.132765816341585
813286,BarackObama,130135788.95452526,1.002752239184154,5,0.09333694966829582,0.9134600580594654,0,1,1,1,0,0,2.4947469276011636
813286,BarackObama,130269656.33140521,1.002752239184154,4,0.1464501223185258,0.7665321896500936,3,0,0,0,1,0,2.1545389223517097
813286,BarackObama,130124036.48447192,1.002752239184154,1,0.06579661144258891,0.8363765969982981,2,2,0,0,1,0,1.9157189798897525
813286,BarackObama,130204029.81953639,1.002752239184154,2,0.12462913226669735,0.7581081588039673,1,0,1,0,0,1,2.192298095670726
813286,BarackObama,130079317.0221328,1.002752239184154,7,0.13756457787782472,0.5163514187273018,0,1,0,0,0,1,2.161707342385519
813286,BarackObama,130157451.5409264,1.002752239184154,9,0.08458835778039822,0.9481156813227819,0,0,0,0,0,1,2.296213147553682
813286,BarackObama,130024320.0468375,1.002752239184154,4,0.10998462287827498,0.7699433896116337,2,2,0,0,1,0,2.144963680885222
813286,BarackObama,130279884.51468107,1.002752239184154,9,0.03417857990165826,0.7464401655462221,3,2,0,0,1,0,2.185117373243135
813286,BarackObama,130307214.3989787,1.002752239184154,7,0.06777467607126418,0.5674683624407728,3,2,0,0,0,1,2.0638209861657213
813286,BarackObama,130146192.59467694,1.002752239184154,5,0.09842540101513088,0.9089065367259261,2,1,0,1,0,0,2.258249379851097
813286,BarackObama,130144821.12337327,1.002752239184154,1,0.048932455226463334,0.6841726433793928,2,2,0,0,1,0,1.766311963655671
813286,BarackObama,130049614.76404351,1.002752239184154,7,0.1259794890157317,0.9301550691921439,1,1,0,1,0,0,2.471225586570557
813286,BarackObama,130470023.07798809,1.002752239184154,6,0.040503269271475156,0.8815761491154948,1,2,0,0,0,1,2.1784508990181544
813286,BarackObama,130058868.97595024,1.002752239184154,9,0.06595530126412574,0.9764309931629075,2,1,0,0,1,0,2.5419540213668923
813286,BarackObama,130334514.271403,1.002752239184154,7,0.08134624627363878,0.6254103084262366,0,1,1,0,0,1,2.203540461881637
813286,BarackObama,130136356.3862134,1.002752239184154,1,0.1342673371011711,0.7006879323387805,4,0,1,1,0,0,2.0621424388579404
813286,BarackObama,130133151.19930136,1.002752239184154,4,0.08657822545494272,0.5606868733330218,3,0,0,1,0,0,1.883885930566784
813286,BarackObama,130050899.43081567,1.002752239184154,5,0.1247094168820058,0.9267622023141097,1,1,0,0,1,0,2.3482264554244012
813286,BarackObama,130181752.90962958,1.002752239184154,4,0.14387974913762386,0.7740383751783285,2,1,0,1,0,0,2.280224483056634
813286,BarackObama,130193382.10068558,1.002752239184154,3,0.1216081314266492,0.9897160661604885,2,0,0,0,0,1,2.29077859340135
813286,BarackObama,130108003.22121477,1.002752239184154,7,0.09712606232373465,0.6825980913867118,4,2,1,0,1,0,2.473656284771312
813286,BarackObama,130243363.53205791,1.002752239184154,2,0.10208979931995067,0.8628533700357908,4,0,0,0,0,1,2.129121578905934
813286,BarackObama,130148355.3975817,1.002752239184154,9,0.14645739672719738,0.7965174682092906,0,0,0,0,1,0,2.430146359861059
813286,BarackObama,130183708.6867225,1.002752239184154,1,0.023030477517552935,0.5243716650025787,2,0,0,1,0,0,1.5761581382204388
813286,BarackObama,130203361.06313378,1.002752239184154,6,0.02972368267996893,0.8541781462072067,1,0,0,1,0,0,2.0371188632222514
813286,BarackObama,130405881.85516243,1.002752239184154,1,0.11977843410755065,0.800800418074981,4,0,0,0,1,0,2.022363929075166
813286,BarackObama,130124759.37997085,1.002752239184154,7,0.0852578224335754,0.5858606894362131,4,0,0,0,1,0,2.0606055793565905
813286,BarackObama,130336856.35912311,1.002752239184154,8,0.1408400247993846,0.6417533650100907,3,2,0,1,0,0,2.2464882011717924
813286,BarackObama,130306755.51976748,1.002752239184154,1,0.06935655735179905,0.7266263655072883,0,0,0,0,0,1,1.8507160682619246
813286,BarackObama,129966603.71830922,1.002752239184154,6,0.01725533692424893,0.5128406185993268,3,1,1,0,1,0,2.104319049420573
813286,BarackObama,130274111.70453428,1.002752239184154,1,0.14167034439169437,0.8674879192249509,1,2,0,0,1,0,2.1984781827624196
813286,BarackObama,130329163.88817158,1.002752239184154,9,0.05464640600856339,0.8882323538718364,2,0,0,0,1,0,2.3594959435221288
813286,BarackObama,130009258.69884853,1.002752239184154,9,0.14874527299730445,0.5497016742490077,1,2,1,0,1,0,2.571973182194888
813286,BarackObama,130247992.49344936,1.002752239184154,2,0.061405619468762225,0.9928117071222531,3,1,0,0,1,0,2.014881117430269
813286,BarackObama,130331540.4543085,1.002752239184154,5,0.02704053261320094,0.9152688774941893,3,0,0,0,1,0,2.127689266858389
813286,BarackObama,130165274.61517085,1.002752239184154,1,0.09098472338027747,0.6510429196020514,3,2,0,1,0,0,1.9239176281625467
813286,BarackObama,130261363.8108115,1.002752239184154,6,0.04316224585083707,0.532731442518579,1,1,0,0,0,1,1.8114323287353888
813286,BarackObama,130188624.084458,1.002752239184154,1,0.04455655621226095,0.7218395926459804,2,0,0,1,0,0,1.7208082652752668
813286,BarackObama,130164773.31072302,1.002752239184154,3,0.03689509241245126,0.5912322170235702,1,1,0,0,0,1,1.7411726043035056
813286,BarackObama,129922773.35153532,1.002752239184154,8,0.11660605582931642,0.975174102910525,0,0,0,0,0,1,2.4821653646625736
813286,BarackObama,130165912.25939909,1.002752239184154,8,0.03188157545064064,0.697258683398829,4,1,0,1,0,0,2.141163315394862
813286,BarackObama,130319292.68666975,1.002752239184154,7,0.12424200080373782,0.7730035882955483,2,2,0,0,1,0,2.4057161153281834
813286,BarackObama,130290336.94223629,1.002752239184154,3,0.14083471454838697,0.6882103738031,1,0,0,0,0,1,2.075698217245751
813286,BarackObama,130149492.50025891,1.002752239184154,3,0.12045466892519152,0.5377592593293277,0,2,0,0,0,1,1.938742325758093
813286,BarackObama,130259385.709339,1.002752239184154,6,0.118379925124747,0.5658227820350061,3,0,0,0,0,1,2.089080278074819
813286,BarackObama,130335063.65092228,1.002752239184154,7,0.13521755565847376,0.7796093929023908,1,2,1,0,1,0,2.6324920553474973
813286,BarackObama,130154770.65107335,1.002752239184154,4,0.1358826294914076,0.5085983625255033,0,1,0,0,0,1,1.8572837420096158
813286,BarackObama,130308691.89176476,1.002752239184154,2,0.07490060897110307,0.5441384019806308,1,1,0,0,1,0,1.7545463197400366
813286,BarackObama,129970082.86376451,1.002752239184154,7,0.08823266227237252,0.7079275763597634,3,2,1,1,0,0,2.4309473368558803
813286,BarackObama,130100440.37383693,1.002752239184154,2,0.05120795407406317,0.638972486874102,4,2,0,0,0,1,1.789936159458744
813286,BarackObama,129960642.61321364,1.002752239184154,3,0.011309898262749385,0.6615209529262877,2,2,0,1,0,0,1.8102530625274091
813286,BarackObama,130258232.80668813,1.002752239184154,4,0.08723148401486538,0.8473355890954057,0,0,0,0,1,0,2.090090712419052
813286,BarackObama,130234152.08189337,1.002752239184154,6,0.02093238074900025,0.5327750714694439,2,0,0,0,0,1,1.9371094145912509
813286,BarackObama,129971555.9703104,1.002752239184154,6,0.02738468274147763,0.7970910878931847,0,1,0,0,1,0,2.0458043865257878
813286,BarackObama,130051511.0451519,1.002752239184154,9,0.12765588127045888,0.6159660522647971,2,2,0,1,0,0,2.3669224955923736
813286,BarackObama,130119407.56793958,1.002752239184154,1,0.050632749110862525,0.9075824360294912,0,2,1,0,1,0,2.242244896218537
813286,BarackObama,130235708.2236166,1.002752239184154,4,0.10296262006329847,0.565897854976702,4,2,1,0,1,0,2.2255997987975977
813286,BarackObama,130358008.68866381,1.002752239184154,8,0.0977678445179489,0.6549961695577423,2,1,0,0,0,1,2.1626296393638387
813286,BarackObama,130280963.54809546,1.002752239184154,6,0.1334101118325363,0.6559889849448068,1,2,0,0,0,1,2.1809973035893178
813286,BarackObama,129944228.9871236,1.002752239184154,6,0.13489309845869704,0.6134103120097014,0,1,1,0,0,1,2.244976648033825
813286,BarackObama,130287872.17726426,1.002752239184154,6,0.10739368042443778,0.6823034434137081,2,0,1,0,1,0,2.332719726703863
813286,BarackObama,130070348.12275125,1.002752239184154,2,0.019426070288407288,0.5452909181531467,1,0,0,0,1,0,1.662660841262233
813286,BarackObama,130067661.51727358,1.002752239184154,7,0.04397133024165452,0.5044636713158108,4,0,0,0,0,1,1.9144040516822947
813286,BarackObama,130218311.55919915,1.002752239184154,5,0.1031985074580506,0.6141640964022241,3,2,0,0,0,1,2.0542646780002145
813286,BarackObama,130266555.1657666,1.002752239184154,4,0.02732165864577772,0.7866354591382022,0,2,1,1,0,0,2.1036718523726687
813286,BarackObama,130080186.18137327,1.002752239184154,8,0.1289667253306135,0.5880507694639572,4,0,0,1,0,0,2.241017723162611
813286,BarackObama,130075874.71164775,1.002752239184154,7,0.14937809802859658,0.8396383208928138,3,1,1,1,0,0,2.6088937838494357
813286,BarackObama,130267518.79084396,1.002752239184154,5,0.1427879703007821,0.8742631405566788,2,2,0,0,1,0,2.328682853722775
813286,BarackObama,130136838.72360101,1.002752239184154,3,0.035790835539452004,0.8293702674289355,3,0,0,0,1,0,2.0754919324734993
813286,BarackObama,130243441.05029546,1.002752239184154,3,0.08668727624404013,0.7270736228873784,1,1,0,0,0,1,1.8882265105791143
813286,BarackObama,130080749.64275886,1.002752239184154,9,0.030108973994422646,0.7242596783150752,1,0,0,1,0,0,2.0621172021378484
813286,BarackObama,130291991.11412561,1.002752239184154,1,0.06882376505300848,0.7388773743614481,0,0,1,0,0,1,1.975892606087339
813286,BarackObama,130222480.55112739,1.002752239184154,5,0.07404481998793684,0.9467169893320462,0,2,0,0,1,0,2.2905113860664645
813286,BarackObama,130126618.03166088,1.002752239184154,8,0.13636575633206505,0.6081134721621213,0,2,0,1,0,0,2.218528567709998
813286,BarackObama,130187516.3355709,1.002752239184154,9,0.0850418276497846,0.9843049140486956,4,2,0,0,1,0,2.597742588864401
813286,BarackObama,130334289.27866681,1.002752239184154,6,0.03586010093374422,0.9057347092702197,4,2,0,1,0,0,2.2659322150159924
813286,BarackObama,130109456.51487552,1.002752239184154,4,0.14767132124388488,0.6345772724505794,3,1,0,0,0,1,2.14318856291202
